time_ps,T_bath_K,T_kinetic_K,T_v_fictive_K,T_s_fictive_K,E_kinetic_kjmol,E_potential_kjmol,E_mech_kjmol,E_bond_kjmol,E_nonbonded_kjmol,E_cav_harmonic_kjmol,E_cav_coupling_kjmol,E_cav_dse_kjmol
1.000000,100.0000,102.5442,80.5149,108.9545,635.595215,-3568.795206,-2933.199992,113.346177,-3683.765973,1.623943,0.000000,0.000000
2.000000,100.0000,104.1986,71.6747,111.3471,651.032104,-3566.353539,-2915.321434,100.901265,-3668.371764,1.116896,-0.000000,0.000000
3.000000,100.0000,90.4565,78.8537,113.9201,568.053833,-3539.580571,-2971.526738,111.007600,-3651.979975,1.391151,-0.000000,0.000000
4.000000,100.0000,98.1309,86.7570,110.9407,607.876221,-3546.686866,-2938.810645,122.133695,-3670.975889,2.155632,-0.000000,0.000000
5.000000,100.0000,97.7456,78.6622,112.1453,605.395996,-3550.893841,-2945.497845,110.738070,-3663.268705,1.636770,-0.000000,0.000000
6.000000,100.0000,100.4681,78.2782,108.4596,625.328613,-3576.041438,-2950.712825,110.197525,-3686.969055,0.730451,-0.000000,0.000000
7.000000,100.0000,102.8978,81.7114,108.3210,638.454468,-3572.439751,-2933.985284,115.030595,-3687.866860,0.396620,-0.000000,0.000000
8.000000,100.0000,99.6337,76.3042,110.3158,619.103699,-3567.373444,-2948.269745,107.418495,-3674.988736,0.197833,-0.000000,0.000000
9.000000,100.0000,95.4630,79.9794,110.7624,594.966187,-3558.114106,-2963.147919,112.592308,-3672.119841,1.413316,-0.000000,0.000000
10.000000,100.0000,97.2071,79.2146,110.0303,602.771729,-3564.695791,-2961.924062,111.515730,-3676.825889,0.615697,0.000000,0.000000
11.000000,100.0000,95.6253,78.0573,109.5213,594.405762,-3568.691557,-2974.285795,109.886500,-3680.105954,1.527667,0.000000,0.000000
12.000000,100.0000,101.7587,79.0622,107.0895,633.055908,-3583.557932,-2950.502024,111.301113,-3695.870075,1.010935,0.000000,0.000000
13.000000,100.0000,99.7349,76.9254,110.0081,623.786499,-3568.349179,-2944.562680,108.293021,-3676.968634,0.326277,0.000000,0.000000
14.000000,100.0000,98.6365,83.9181,115.0018,617.037231,-3526.667859,-2909.630628,118.137118,-3645.137958,0.333243,0.000000,0.000000
15.000000,100.0000,98.4920,81.0130,116.9356,613.918457,-3515.121877,-2901.203419,114.047387,-3632.977387,3.807766,-0.000000,0.000000
16.000000,100.0000,100.6348,83.4227,116.6080,625.941467,-3515.845398,-2889.903931,117.439710,-3635.030912,1.744596,0.000000,0.000000
17.000000,100.0000,104.1129,87.6903,111.7820,645.775146,-3537.747160,-2891.972014,123.447478,-3665.589254,4.394810,0.000000,0.000000
18.000000,100.0000,102.1115,79.1583,107.6163,634.670776,-3577.859661,-2943.188885,111.436477,-3692.441689,3.146378,-0.000000,0.000000
19.000000,100.0000,102.2633,79.7033,110.3073,638.684570,-3561.627933,-2922.943363,112.203662,-3675.043627,1.210937,0.000000,0.000000
20.000000,100.0000,101.8854,85.6738,110.9106,634.407471,-3549.424484,-2915.017013,120.608817,-3671.168910,1.135062,-0.000000,0.000000
21.000000,100.0000,98.4356,75.8434,116.1576,611.811279,-3530.393621,-2918.582341,106.769898,-3637.859247,0.694991,0.000000,0.000000
22.000000,100.0000,102.2585,82.7722,107.7614,639.527344,-3574.826516,-2935.299172,116.523937,-3691.498888,0.148863,0.000000,0.000000
23.000000,100.0000,95.7145,92.7637,109.5778,592.250000,-3548.832011,-2956.582011,130.589677,-3679.741319,0.319028,0.000000,0.000000
24.000000,100.0000,100.9565,75.0207,107.7704,620.186890,-3584.334595,-2964.147705,105.611626,-3691.440008,1.494681,0.000000,0.000000
25.000000,100.0000,102.1502,66.9967,108.5124,638.849365,-3591.066460,-2952.217095,94.315689,-3686.627024,1.243781,0.000000,0.000000
26.000000,100.0000,99.7574,85.1164,107.3602,627.878418,-3573.798768,-2945.920350,119.824006,-3694.107310,0.484492,0.000000,0.000000
27.000000,100.0000,92.7637,87.9434,107.8516,573.941650,-3565.844857,-2991.903206,123.803876,-3690.912570,1.264156,-0.000000,0.000000
28.000000,100.0000,103.6343,70.0749,104.8376,641.932800,-3611.010625,-2969.077824,98.649155,-3710.610846,0.950890,-0.000000,0.000000
29.000000,100.0000,100.1707,73.0143,108.1278,628.447388,-3583.892258,-2955.444871,102.787186,-3689.119829,2.439442,-0.000000,0.000000
30.000000,100.0000,91.6781,91.1692,112.3952,568.605347,-3531.565817,-2962.960470,128.345008,-3661.674295,1.763285,-0.000000,0.000000
31.000000,100.0000,99.9388,79.1530,107.6300,614.836914,-3577.250614,-2962.413700,111.428989,-3692.352943,3.673640,-0.000000,0.000000
32.000000,100.0000,93.3877,67.6138,110.0077,582.345947,-3578.262170,-2995.916223,95.184448,-3676.971352,3.526404,0.000000,0.000000
33.000000,100.0000,99.7533,83.6806,104.6403,623.063538,-3593.113905,-2970.050367,117.802747,-3711.908836,0.992108,-0.000000,0.000000
34.000000,100.0000,94.7791,81.2870,107.7068,584.312012,-3576.804013,-2992.492001,114.433136,-3691.853708,0.617785,0.000000,0.000000
35.000000,100.0000,100.8766,71.7517,107.2206,629.233276,-3593.078241,-2963.844965,101.009715,-3695.016536,0.928787,0.000000,0.000000
36.000000,100.0000,100.1990,85.2813,110.3799,622.660278,-3553.742657,-2931.082379,120.056247,-3674.577036,0.778678,0.000000,0.000000
37.000000,100.0000,102.4745,77.8509,109.6228,634.462524,-3568.296931,-2933.834407,109.595904,-3679.451279,1.557954,0.000000,0.000000
38.000000,100.0000,97.4096,75.1411,109.6763,606.876465,-3570.758099,-2963.881634,105.781195,-3679.105984,2.567126,0.000000,0.000000
39.000000,100.0000,93.1027,84.7238,106.6976,579.218506,-3577.184639,-2997.966134,119.271386,-3698.425688,1.970163,0.000000,0.000000
40.000000,100.0000,97.3357,76.9935,102.8891,599.743530,-3614.157421,-3014.413891,108.388892,-3723.479356,0.933377,-0.000000,0.000000
41.000000,100.0000,94.0493,65.2208,104.4345,583.464722,-3620.357087,-3036.892365,91.815758,-3713.264515,1.091069,-0.000000,0.000000
42.000000,100.0000,92.3320,76.5188,106.4733,577.153320,-3590.761669,-3013.608348,107.720700,-3699.889901,1.407131,0.000000,0.000000
43.000000,100.0000,97.0158,83.5742,103.6301,602.618347,-3600.116473,-2997.498126,117.653071,-3718.572617,0.802930,0.000000,0.000000
44.000000,100.0000,96.4367,75.5727,107.1261,599.655151,-3588.745891,-2989.090740,106.388819,-3695.631536,0.496651,0.000000,0.000000
45.000000,100.0000,96.6300,75.0315,108.2792,601.534058,-3581.331144,-2979.797086,105.626827,-3688.138208,1.180099,0.000000,0.000000
46.000000,100.0000,94.0825,74.1208,107.0131,583.925049,-3588.961024,-3005.035975,104.344825,-3696.367893,3.063812,-0.000000,0.000000
47.000000,100.0000,98.8540,75.3857,105.3524,616.896484,-3599.384681,-2982.488196,106.125456,-3707.228794,1.718546,-0.000000,0.000000
48.000000,100.0000,98.9366,86.7803,107.1947,615.071899,-3568.096295,-2953.024396,122.166385,-3695.184777,4.922394,-0.000000,0.000000
49.000000,100.0000,101.5678,80.3273,111.7456,630.132690,-3551.132202,-2920.999511,113.082201,-3665.821636,1.607181,-0.000000,0.000000
50.000000,100.0000,98.7772,70.4568,110.4021,616.362793,-3575.100914,-2958.738121,99.186830,-3674.434080,0.145146,-0.000000,0.000000
51.000000,100.0000,97.6188,81.8517,109.0522,608.894836,-3567.287297,-2958.392461,115.228078,-3683.134472,0.617384,0.000000,0.000000
52.000000,100.0000,100.2240,84.6109,112.9048,621.251953,-3538.274225,-2917.022272,119.112441,-3658.428276,1.041911,0.000000,0.000000
53.000000,100.0000,102.0860,83.8704,111.0879,634.393738,-3551.720373,-2917.326635,118.069968,-3670.032166,0.241450,-0.000000,0.000000
54.000000,100.0000,104.8640,79.7227,107.8467,652.423218,-3577.297103,-2924.873885,112.230989,-3690.944507,1.416122,-0.000000,0.000000
55.000000,100.0000,100.4774,82.2456,111.4645,624.877441,-3549.844349,-2924.966907,115.782597,-3667.620106,1.993327,-0.000000,0.000000
56.000000,100.0000,98.9407,77.9600,111.7640,616.027344,-3554.733419,-2938.706076,109.749555,-3665.704283,1.221652,-0.000000,0.000000
57.000000,100.0000,100.9981,79.2640,109.9627,629.419006,-3565.647036,-2936.228030,111.585182,-3677.260730,0.026992,-0.000000,0.000000
58.000000,100.0000,101.4707,88.3056,108.6042,628.785400,-3560.850207,-2932.064807,124.313780,-3686.032320,0.869076,0.000000,0.000000
59.000000,100.0000,103.9099,75.4111,107.3083,643.241394,-3585.422066,-2942.180672,106.161239,-3694.445249,2.861540,0.000000,0.000000
60.000000,100.0000,105.7329,72.3313,105.0828,658.434143,-3605.409640,-2946.975496,101.825611,-3708.999154,1.763077,0.000000,0.000000
61.000000,100.0000,102.8603,85.0247,109.0068,644.045288,-3559.654537,-2915.609249,119.694920,-3683.428158,4.079436,0.000000,0.000000
62.000000,100.0000,99.5609,91.4728,108.1326,617.847656,-3553.505167,-2935.657510,128.772342,-3689.088661,6.811168,-0.000000,0.000000
63.000000,100.0000,102.2242,77.2175,112.6283,632.719360,-3544.095078,-2911.375718,108.704305,-3660.188715,7.388326,-0.000000,0.000000
64.000000,100.0000,101.7370,74.1857,112.4556,633.802979,-3553.411295,-2919.608316,104.436124,-3661.289168,3.442621,-0.000000,0.000000
65.000000,100.0000,100.1162,84.9191,113.0133,623.817749,-3536.231631,-2912.413882,119.546343,-3657.737772,1.960771,-0.000000,0.000000
66.000000,100.0000,102.7998,78.2369,106.0760,638.986389,-3588.928274,-2949.941885,110.139268,-3702.486993,3.417851,0.000000,0.000000
67.000000,100.0000,99.1587,80.8636,110.2490,616.478821,-3561.249196,-2944.770375,113.837159,-3675.418637,0.332867,0.000000,0.000000
68.000000,100.0000,99.3257,75.0074,105.9889,616.150818,-3596.586739,-2980.435922,105.593008,-3703.057454,0.877454,0.000000,0.000000
69.000000,100.0000,97.9888,77.1765,102.1489,610.650635,-3619.079324,-3008.428689,108.646512,-3728.396078,0.671563,0.000000,0.000000
70.000000,100.0000,91.1234,77.1603,107.8857,568.481750,-3580.664378,-3012.182628,108.623693,-3690.691281,1.402999,-0.000000,0.000000
71.000000,100.0000,97.6117,76.1101,104.0899,607.381409,-3607.344294,-2999.962885,107.145353,-3715.535943,1.045342,-0.000000,0.000000
72.000000,100.0000,97.6374,78.7782,105.2213,606.716492,-3595.909825,-2989.193333,110.901364,-3708.089137,1.278543,-0.000000,0.000000
73.000000,100.0000,97.4893,72.4013,104.3131,605.746094,-3609.388623,-3003.642530,101.924215,-3714.064391,2.751997,-0.000000,0.000000
74.000000,100.0000,101.7066,76.9844,105.7836,631.811340,-3595.709348,-2963.898008,108.376062,-3704.401225,0.315825,-0.000000,0.000000
75.000000,100.0000,97.0737,78.0387,106.1887,603.758179,-3591.402519,-2987.644341,109.860323,-3701.749918,0.487404,-0.000000,0.000000
76.000000,100.0000,100.1336,83.5047,102.8746,624.749451,-3604.060258,-2979.310807,117.555194,-3723.574991,1.958952,-0.000000,0.000000
77.000000,100.0000,104.5859,82.1550,105.1080,647.528320,-3592.748063,-2945.219743,115.655099,-3708.833479,0.431923,-0.000000,0.000000
78.000000,100.0000,100.1991,71.6613,109.5384,623.664124,-3577.113360,-2953.449236,100.882384,-3679.995478,1.999702,0.000000,0.000000
79.000000,100.0000,101.5931,82.3160,108.5442,637.355530,-3568.347028,-2930.991498,115.881759,-3686.420892,2.190862,0.000000,0.000000
80.000000,100.0000,93.0797,88.1288,112.7199,578.671570,-3532.688563,-2954.016993,124.064766,-3659.604990,2.851175,0.000000,0.000000
81.000000,100.0000,104.1328,76.6847,108.2324,643.309509,-3578.790126,-2935.480617,107.954213,-3688.441616,1.697060,0.000000,0.000000
82.000000,100.0000,103.7465,75.2112,112.2517,647.845459,-3555.958189,-2908.112730,105.879902,-3662.589396,0.751694,0.000000,0.000000
83.000000,100.0000,103.7597,87.2419,109.0317,646.178345,-3559.882565,-2913.704220,122.816344,-3683.267221,0.568092,0.000000,0.000000
84.000000,100.0000,101.4073,87.9490,111.8161,627.530518,-3540.816415,-2913.285897,123.811656,-3665.371266,0.742534,0.000000,0.000000
85.000000,100.0000,98.7773,74.6790,107.7298,611.977783,-3585.748769,-2973.770985,105.130643,-3691.704142,0.825861,0.000000,0.000000
86.000000,100.0000,100.4929,76.0805,107.7612,628.310364,-3582.675515,-2954.365152,107.103587,-3691.500234,1.721308,-0.000000,0.000000
87.000000,100.0000,94.7482,82.6967,111.9311,588.712952,-3546.029095,-2957.316143,116.417633,-3664.636470,2.190883,-0.000000,0.000000
88.000000,100.0000,95.7040,79.4438,111.4824,593.448669,-3553.178171,-2959.729502,111.838400,-3667.505780,2.488635,-0.000000,0.000000
89.000000,100.0000,102.7260,82.0892,109.1429,637.905884,-3564.986279,-2927.080395,115.562505,-3682.548602,1.999037,-0.000000,0.000000
90.000000,100.0000,97.5135,80.8685,113.4553,606.132141,-3540.912595,-2934.780454,113.844063,-3654.928358,0.172924,-0.000000,0.000000
91.000000,100.0000,97.1026,79.0706,112.0667,602.823120,-3552.317321,-2949.494201,111.312981,-3663.770425,0.139594,0.000000,0.000000
92.000000,100.0000,97.1420,78.4471,111.4406,603.659790,-3557.105680,-2953.445890,110.435191,-3667.773302,0.232499,0.000000,0.000000
93.000000,100.0000,105.8858,82.3643,108.4710,659.519897,-3569.865219,-2910.345322,115.949720,-3686.894844,1.080380,0.000000,0.000000
94.000000,100.0000,97.8090,85.4399,109.2840,607.533386,-3560.941950,-2953.408564,120.279411,-3681.636766,0.413886,0.000000,0.000000
95.000000,100.0000,94.3763,78.2040,113.3670,585.251465,-3545.242509,-2959.991044,110.093085,-3655.489169,0.154262,0.000000,0.000000
96.000000,100.0000,99.1032,75.2774,107.7505,617.174561,-3585.227156,-2968.052596,105.973114,-3691.569759,0.370041,-0.000000,0.000000
97.000000,100.0000,103.6931,82.4191,102.6872,645.106873,-3607.285989,-2962.179116,116.026848,-3724.818932,1.507097,0.000000,0.000000
98.000000,100.0000,101.4936,83.3423,108.5022,629.330444,-3568.899191,-2939.568747,117.326570,-3686.693007,0.466495,0.000000,0.000000
99.000000,100.0000,101.3945,74.3180,104.2345,632.398438,-3609.516760,-2977.118322,104.622368,-3714.582342,0.443402,-0.000000,0.000000
100.000000,100.0000,103.8567,80.1022,106.7115,647.439697,-3583.274535,-2935.834838,112.765269,-3698.334778,2.294874,0.000000,0.000000
101.000000,100.0000,101.9226,79.8987,106.9349,635.454895,-3581.188608,-2945.733713,112.478739,-3696.877987,3.209889,0.000000,0.000000
102.000000,100.0000,103.9265,77.2656,109.3929,647.268677,-3569.986549,-2922.717872,108.771945,-3680.933907,2.174999,0.000000,0.000000
103.000000,100.0000,103.5553,87.1422,108.0984,645.031677,-3565.468766,-2920.437089,122.675914,-3689.310764,1.166239,0.000000,0.000000
104.000000,100.0000,99.8162,85.8302,112.3923,617.551208,-3537.611102,-2920.059894,120.828990,-3661.692664,3.252597,0.000000,0.000000
105.000000,100.0000,115.5206,80.1073,114.6953,716.720581,-3533.363085,-2816.642504,112.772449,-3647.073615,0.938054,0.000000,0.000000
106.000000,100.0000,103.7278,87.8318,116.4568,647.592224,-3510.785258,-2863.193034,123.646709,-3635.979791,1.547762,-0.000000,0.000000
107.000000,100.0000,103.8626,85.3458,110.2260,643.824829,-3551.360791,-2907.535962,120.146978,-3675.566472,4.059227,0.000000,0.000000
108.000000,100.0000,103.1109,75.3070,113.9197,640.239502,-3544.433773,-2904.194271,106.014757,-3651.982238,1.533947,0.000000,0.000000
109.000000,100.0000,102.6218,81.0446,108.4522,640.105225,-3571.311371,-2931.206146,114.091943,-3687.016948,1.614079,-0.000000,0.000000
110.000000,100.0000,106.0169,84.8270,106.8993,657.076233,-3576.243801,-2919.167568,119.416700,-3697.109727,1.449492,-0.000000,0.000000
111.000000,100.0000,100.9089,71.4028,110.0904,626.002991,-3574.359103,-2948.356112,100.518507,-3676.438811,1.559818,-0.000000,0.000000
112.000000,100.0000,99.3369,79.2580,105.7197,621.427246,-3592.160163,-2970.732917,111.576757,-3704.820416,1.083428,-0.000000,0.000000
113.000000,100.0000,89.8783,85.2646,108.7403,558.780151,-3564.514714,-3005.734562,120.032706,-3685.151261,0.603224,-0.000000,0.000000
114.000000,100.0000,102.4135,73.4361,105.0412,633.379639,-3604.811597,-2971.431958,103.380870,-3709.272459,1.079347,-0.000000,0.000000
115.000000,100.0000,97.7643,72.0694,111.9940,610.281982,-3562.192671,-2951.910688,101.456980,-3664.234764,0.585323,-0.000000,0.000000
116.000000,100.0000,96.3411,86.4120,108.3124,599.759521,-3565.082609,-2965.323087,121.647944,-3687.922934,1.192417,-0.000000,0.000000
117.000000,100.0000,104.0119,79.4400,103.1802,641.137817,-3608.454748,-2967.316930,111.833087,-3721.550054,1.262864,-0.000000,0.000000
118.000000,100.0000,94.6243,66.3388,108.7574,588.485718,-3591.300131,-3002.814413,93.389627,-3685.041110,0.352939,-0.000000,0.000000
119.000000,100.0000,99.5486,84.1512,109.0096,621.278442,-3564.698389,-2943.419947,118.465352,-3683.409983,0.246556,-0.000000,0.000000
120.000000,100.0000,99.7937,81.0275,103.4350,617.184082,-3605.405022,-2988.220940,114.067835,-3719.863032,0.390225,-0.000000,0.000000
121.000000,100.0000,100.0370,69.3581,103.0097,619.536255,-3623.802608,-3004.266354,97.640032,-3722.679525,1.238185,-0.000000,0.000000
122.000000,100.0000,102.8637,80.9535,106.8712,643.017517,-3581.315295,-2938.297777,113.963665,-3697.293138,2.014889,-0.000000,0.000000
123.000000,100.0000,101.7368,87.0834,108.9362,630.146484,-3559.267361,-2929.120876,122.593151,-3683.884268,2.024397,-0.000000,0.000000
124.000000,100.0000,107.0891,75.7042,112.1222,664.259460,-3556.312852,-2892.053391,106.573925,-3663.416170,0.529606,-0.000000,0.000000
125.000000,100.0000,101.6951,78.3492,110.5616,634.090027,-3562.504302,-2928.414275,110.297389,-3673.409406,0.608400,0.000000,0.000000
126.000000,100.0000,98.3760,84.1982,109.6408,610.662598,-3559.645293,-2948.982696,118.531414,-3679.335087,1.158895,0.000000,0.000000
127.000000,100.0000,98.6120,76.1754,111.8463,611.379150,-3557.278572,-2945.899422,107.237188,-3665.178297,0.660983,0.000000,0.000000
128.000000,100.0000,100.9822,75.2814,110.9501,630.333679,-3564.006468,-2933.672789,105.978663,-3670.915812,0.930745,0.000000,0.000000
129.000000,100.0000,99.9417,87.6871,113.6712,620.964722,-3529.483900,-2908.519178,123.442949,-3653.558125,0.631114,0.000000,0.000000
130.000000,100.0000,100.2120,79.3807,109.5849,620.645020,-3567.599200,-2946.954181,111.749532,-3679.695554,0.347682,0.000000,0.000000
131.000000,100.0000,102.2635,76.4976,111.0789,635.574707,-3562.175936,-2926.601229,107.690814,-3670.089990,0.222779,0.000000,0.000000
132.000000,100.0000,98.6358,86.0506,117.1026,614.689697,-3510.242678,-2895.552981,121.139206,-3631.931239,0.549206,0.000000,0.000000
133.000000,100.0000,104.4463,85.7957,112.4147,649.206177,-3539.403169,-2890.196992,120.780352,-3661.550296,1.367412,-0.000000,0.000000
134.000000,100.0000,108.4594,83.2188,111.7865,675.206177,-3546.875777,-2871.669600,117.152630,-3665.560514,1.532549,-0.000000,0.000000
135.000000,100.0000,104.3303,80.5817,114.4055,646.572876,-3534.737567,-2888.164691,113.440242,-3648.906012,0.728448,0.000000,0.000000
136.000000,100.0000,104.3197,85.1207,112.8294,648.298096,-3538.051612,-2889.753516,119.830095,-3658.907746,1.026359,-0.000000,0.000000
137.000000,100.0000,95.8344,82.8096,112.0215,594.991699,-3545.250192,-2950.258493,116.576622,-3664.058855,2.231626,-0.000000,0.000000
138.000000,100.0000,108.8010,79.0343,107.0777,674.659058,-3583.869259,-2909.210202,111.261925,-3695.947350,0.815926,0.000000,0.000000
139.000000,100.0000,105.3440,75.6127,104.9626,657.218689,-3602.811165,-2945.592476,106.445100,-3709.788674,0.531626,-0.000000,0.000000
140.000000,100.0000,102.7773,82.3588,103.6248,641.505493,-3601.679898,-2960.174405,115.942003,-3718.608076,0.987686,0.000000,0.000000
141.000000,100.0000,103.3093,77.8107,104.1855,641.116211,-3604.302063,-2963.185852,109.539318,-3714.905699,1.064568,0.000000,0.000000
142.000000,100.0000,101.2229,76.6659,108.5566,629.501953,-3576.950432,-2947.448479,107.927732,-3686.340384,1.462698,0.000000,0.000000
143.000000,100.0000,99.9475,83.6876,109.8771,622.555725,-3558.852161,-2936.296435,117.812701,-3677.812027,1.146888,0.000000,0.000000
144.000000,100.0000,102.1561,82.0089,107.3151,634.698853,-3578.393181,-2943.694328,115.449446,-3694.401073,0.559026,0.000000,0.000000
145.000000,100.0000,100.0961,75.3280,106.5992,623.728027,-3592.949972,-2969.221945,106.044315,-3699.067500,0.072356,0.000000,0.000000
146.000000,100.0000,99.7025,81.2957,108.5034,620.915527,-3572.020660,-2951.105133,114.445361,-3686.685119,0.219195,0.000000,0.000000
147.000000,100.0000,107.4653,81.1717,113.7982,666.261108,-3538.298173,-2872.037065,114.270880,-3652.752965,0.183955,0.000000,0.000000
148.000000,100.0000,100.6463,77.9051,116.6945,627.648804,-3524.406649,-2896.757846,109.672200,-3634.488668,0.409868,0.000000,0.000000
149.000000,100.0000,97.4136,83.5808,108.9841,608.594482,-3565.364023,-2956.769541,117.662242,-3683.574625,0.548214,-0.000000,0.000000
150.000000,100.0000,102.5393,85.1705,110.8943,634.653198,-3551.147120,-2916.493921,119.900285,-3671.273722,0.225928,-0.000000,0.000000
151.000000,100.0000,101.1479,75.0933,112.9018,628.505127,-3551.843770,-2923.338643,105.713832,-3658.447240,0.889717,-0.000000,0.000000
152.000000,100.0000,99.6837,83.3063,112.7392,621.963135,-3541.541676,-2919.578541,117.275872,-3659.482417,0.664551,-0.000000,0.000000
153.000000,100.0000,98.5254,82.3085,108.5263,609.887817,-3568.659657,-2958.771839,115.871224,-3686.536725,2.006169,-0.000000,0.000000
154.000000,100.0000,98.5318,73.1200,111.9351,610.432129,-3561.311176,-2950.879047,102.935927,-3664.611087,0.364173,-0.000000,0.000000
155.000000,100.0000,101.5991,79.3333,107.8047,634.927490,-3578.866642,-2943.939151,111.682876,-3691.217495,0.667287,0.000000,0.000000
156.000000,100.0000,94.7143,86.9887,107.0827,587.626587,-3572.108468,-2984.481881,122.459809,-3695.914429,1.345837,0.000000,0.000000
157.000000,100.0000,101.8423,73.8744,100.5468,626.233643,-3634.717903,-3008.484260,103.997989,-3739.091604,0.375422,0.000000,0.000000
158.000000,100.0000,100.0871,63.1596,105.0218,625.171692,-3620.086417,-2994.914725,88.914059,-3709.400004,0.400473,0.000000,0.000000
159.000000,100.0000,99.1017,89.3994,106.6026,619.458740,-3572.190730,-2952.731989,125.853579,-3699.045744,1.002501,-0.000000,0.000000
160.000000,100.0000,98.4936,84.0743,108.0618,604.898010,-3570.663210,-2965.765200,118.357053,-3689.548447,0.527334,-0.000000,0.000000
161.000000,100.0000,105.6538,65.9106,107.9127,656.249329,-3596.493332,-2940.244004,92.786716,-3690.515882,1.235871,-0.000000,0.000000
162.000000,100.0000,95.0891,77.2004,109.9321,596.419922,-3568.212783,-2971.792861,108.680209,-3677.457741,0.565097,-0.000000,0.000000
163.000000,100.0000,97.2090,89.0657,106.9971,599.816528,-3570.456512,-2970.639984,125.383832,-3696.472238,0.632241,-0.000000,0.000000
164.000000,100.0000,98.4719,66.6915,109.4256,608.420288,-3586.174530,-2977.754242,93.886049,-3680.723153,0.661849,-0.000000,0.000000
165.000000,100.0000,101.0235,72.3893,110.7758,633.531494,-3569.906980,-2936.375486,101.907327,-3672.033676,0.219300,-0.000000,0.000000
166.000000,100.0000,96.8041,92.9789,107.3200,601.933228,-3563.352335,-2961.419107,130.892686,-3694.369259,0.123921,-0.000000,0.000000
167.000000,100.0000,98.7416,81.4680,109.0046,608.419495,-3568.418098,-2959.998604,114.688024,-3683.442133,0.335539,-0.000000,0.000000
168.000000,100.0000,97.2459,65.2952,110.9800,604.896606,-3578.036896,-2973.140290,91.920378,-3670.723792,0.767037,-0.000000,0.000000
169.000000,100.0000,103.1939,77.4374,107.7784,646.215637,-3580.110106,-2933.894469,109.013780,-3691.388078,2.263258,-0.000000,0.000000
170.000000,100.0000,98.6579,92.2809,113.5913,613.040955,-3523.617995,-2910.577040,129.909959,-3654.065114,0.537693,-0.000000,0.000000
171.000000,100.0000,103.9998,78.7348,108.7353,646.287109,-3574.007342,-2927.720232,110.840199,-3685.183995,0.337343,-0.000000,0.000000
172.000000,100.0000,101.6561,73.9440,107.2068,633.433655,-3589.755508,-2956.321853,104.095907,-3695.105974,1.253947,-0.000000,0.000000
173.000000,100.0000,96.3464,78.8499,108.4607,599.370361,-3575.218307,-2975.847945,111.002314,-3686.962016,0.741230,-0.000000,0.000000
174.000000,100.0000,102.1569,83.8685,108.0102,634.450928,-3570.914725,-2936.463798,118.067326,-3689.883021,0.900964,-0.000000,0.000000
175.000000,100.0000,102.9029,80.2985,106.2990,639.372070,-3586.577330,-2947.205260,113.041645,-3701.029103,1.410736,-0.000000,0.000000
176.000000,100.0000,100.4893,75.2184,107.5107,626.012451,-3581.073806,-2955.061355,105.889928,-3693.128279,6.165439,-0.000000,0.000000
177.000000,100.0000,102.6416,82.9943,106.2840,638.862061,-3580.029492,-2941.167431,116.836588,-3701.126858,4.261131,-0.000000,0.000000
178.000000,100.0000,97.3980,79.9494,106.5138,603.305542,-3578.757695,-2975.452153,112.550190,-3699.625127,8.316244,-0.000000,0.000000
179.000000,100.0000,99.4789,73.1019,106.3466,618.646484,-3593.319573,-2974.673089,102.910466,-3700.717640,4.487323,0.000000,0.000000
180.000000,100.0000,97.4246,82.1577,114.5397,609.185669,-3530.486399,-2921.300730,115.658855,-3648.056975,1.911734,0.000000,0.000000
181.000000,100.0000,99.1913,88.3376,107.9489,617.066223,-3564.314056,-2947.247833,124.358729,-3690.281279,1.608743,0.000000,0.000000
182.000000,100.0000,102.0103,76.6624,107.6275,633.501709,-3583.195832,-2949.694123,107.922826,-3692.368995,1.249434,0.000000,0.000000
183.000000,100.0000,96.4571,71.3827,108.9778,605.207214,-3582.312898,-2977.105683,100.490270,-3683.615130,0.812616,-0.000000,0.000000
184.000000,100.0000,96.5876,86.2795,112.6100,604.385620,-3537.248506,-2932.862886,121.461400,-3660.305219,1.595662,0.000000,0.000000
185.000000,100.0000,99.4501,87.4836,107.6615,616.663879,-3568.559449,-2951.895570,123.156525,-3692.148180,0.432945,-0.000000,0.000000
186.000000,100.0000,102.2005,73.9271,104.8369,632.746094,-3606.295375,-2973.549281,104.072182,-3710.615622,0.248060,-0.000000,0.000000
187.000000,100.0000,106.9215,70.1808,101.9153,668.378662,-3630.074051,-2961.695388,98.798229,-3729.950424,1.078170,0.000000,0.000000
188.000000,100.0000,102.7202,88.5108,106.2802,640.929260,-3576.209005,-2935.279745,124.602575,-3701.151836,0.341323,0.000000,0.000000
189.000000,100.0000,100.1698,93.1703,109.4101,616.723572,-3549.603416,-2932.879844,131.162103,-3680.823223,0.058381,0.000000,0.000000
190.000000,100.0000,104.0604,70.9642,107.9502,644.108521,-3590.055276,-2945.946756,99.901068,-3690.272248,0.314353,0.000000,0.000000
191.000000,100.0000,107.4787,75.1484,111.5499,672.144348,-3560.815840,-2888.671492,105.791517,-3667.073460,0.466597,0.000000,0.000000
192.000000,100.0000,100.4596,89.2604,115.5594,626.296021,-3514.991777,-2888.695757,125.657845,-3641.622257,0.972354,0.000000,0.000000
193.000000,100.0000,103.7567,94.4306,114.1741,643.723816,-3515.798522,-2872.074706,132.936277,-3650.370638,1.635427,0.000000,0.000000
194.000000,100.0000,101.4742,77.1402,112.2219,629.486572,-3552.794556,-2923.307984,108.595415,-3662.779940,1.390476,0.000000,0.000000
195.000000,100.0000,97.8722,78.2857,112.4757,608.243958,-3549.480821,-2941.236864,110.208077,-3661.160947,1.471889,0.000000,0.000000
196.000000,100.0000,99.7529,83.7038,109.4170,623.957886,-3561.245860,-2937.287974,117.835499,-3680.778284,1.697075,0.000000,0.000000
197.000000,100.0000,97.6247,82.0573,112.1412,609.684570,-3544.694241,-2935.009670,115.517562,-3663.295117,3.083860,0.000000,0.000000
198.000000,100.0000,102.5076,79.4902,104.9932,636.995728,-3593.661705,-2956.665978,111.903704,-3709.587913,4.022362,0.000000,0.000000
199.000000,100.0000,106.0084,82.2564,107.3405,660.534180,-3575.849954,-2915.315774,115.797916,-3694.235955,2.587808,0.000000,0.000000
200.000000,100.0000,99.3402,77.5878,104.6139,619.415894,-3596.326889,-2976.910995,109.225594,-3712.082562,1.214955,2.850080,2.465338
201.000000,100.0000,99.0058,78.2466,108.2207,613.462341,-3577.590706,-2964.128365,110.153038,-3688.517488,7.867468,-17.467340,10.372684
202.000000,100.0000,96.0181,75.0690,105.0071,597.285889,-3601.958542,-3004.672653,105.679696,-3709.496647,8.839581,-10.749766,3.768397
203.000000,100.0000,100.3587,78.1567,102.4660,623.661743,-3614.615052,-2990.953309,110.026392,-3726.287342,1.104051,-0.210876,0.753418
204.000000,100.0000,100.1438,78.5721,100.4950,621.861450,-3628.627703,-3006.766253,110.611241,-3739.439181,3.520345,-6.938016,3.619367
205.000000,100.0000,97.0316,77.9156,102.2930,604.067017,-3617.134008,-3013.066991,109.686981,-3727.437185,18.922497,-33.093014,14.786870
206.000000,100.0000,95.4761,80.1333,105.7263,593.524170,-3590.058106,-2996.533936,112.809005,-3704.776945,6.116758,-6.612649,2.406609
207.000000,100.0000,95.2156,74.6756,102.0522,589.223877,-3622.709899,-3033.486022,105.125839,-3729.038960,6.290868,-9.393262,4.305606
208.000000,100.0000,95.6626,70.8785,100.9491,595.587524,-3635.312441,-3039.724917,99.780415,-3736.398968,12.895313,-28.536669,16.947826
209.000000,100.0000,91.5510,76.9801,101.4297,571.634766,-3623.222629,-3051.587863,108.370122,-3733.188309,27.761625,-48.876163,22.710274
210.000000,100.0000,100.0512,85.3715,102.8663,618.087158,-3600.029249,-2981.942091,120.183188,-3723.630157,18.346346,-26.605616,11.677876
211.000000,100.0000,100.9907,70.0146,104.0187,626.411255,-3610.937115,-2984.525861,98.564258,-3716.005680,30.156254,-57.686050,34.034435
212.000000,100.0000,96.9185,73.9536,98.8119,605.069763,-3642.810616,-3037.740853,104.109432,-3750.759899,22.110395,-39.565399,21.294979
213.000000,100.0000,95.8796,78.8118,102.4274,596.265869,-3615.055069,-3018.789199,110.948592,-3726.544309,18.327509,-38.789455,21.001554
214.000000,100.0000,94.3021,78.9042,100.5420,585.018372,-3627.703737,-3042.685365,111.078775,-3739.124027,4.444349,-6.727707,2.622953
215.000000,100.0000,96.5228,75.6702,103.4704,600.095947,-3611.729357,-3011.633410,106.525988,-3719.628883,13.411787,-23.102930,11.064970
216.000000,100.0000,107.3229,76.9865,104.5614,668.031738,-3602.411110,-2934.379372,108.379009,-3712.428135,17.843412,-32.933113,16.726978
217.000000,100.0000,98.2595,87.3026,108.1557,610.242493,-3565.016701,-2954.774209,122.901757,-3688.938772,8.656202,-16.047209,8.411641
218.000000,100.0000,100.6144,81.6523,108.8957,622.334412,-3568.278519,-2945.944108,114.947464,-3684.146302,25.735518,-50.682423,25.865931
219.000000,100.0000,96.1994,76.9889,108.7200,597.598511,-3575.302477,-2977.703967,108.382507,-3685.283009,33.336533,-53.009739,21.270842
220.000000,100.0000,98.4649,77.0267,102.7988,614.273926,-3614.863585,-3000.589659,108.435615,-3724.078266,26.425274,-46.093170,20.446859
221.000000,100.0000,96.6702,83.0795,108.5592,599.443726,-3567.466084,-2968.022358,116.956523,-3686.323848,38.843018,-90.425545,53.484318
222.000000,100.0000,99.1858,77.5099,109.3347,615.456360,-3571.772706,-2956.316346,109.115959,-3681.309527,38.619667,-69.439201,31.239500
223.000000,100.0000,100.5996,76.8829,109.6799,625.353882,-3570.765065,-2945.411183,108.233211,-3679.082992,18.203672,-37.560890,19.442873
224.000000,100.0000,98.8391,80.2678,105.9652,613.449219,-3589.384697,-2975.935479,112.998404,-3703.212403,6.317374,-9.430882,3.942233
225.000000,100.0000,103.3222,86.2477,105.8955,642.556519,-3580.310507,-2937.753988,121.416723,-3703.668721,6.521851,-18.752678,14.171818
226.000000,100.0000,109.2072,83.6300,107.2668,677.560364,-3576.132518,-2898.572155,117.731512,-3694.715229,13.174850,-24.863611,12.539756
227.000000,100.0000,104.6966,79.8589,109.7791,651.649902,-3564.733299,-2913.083396,112.422761,-3678.443820,9.936446,-18.930614,10.281441
228.000000,100.0000,96.6199,84.6122,111.3493,603.609680,-3547.090629,-2943.480949,119.114302,-3668.357277,3.039094,-2.056549,1.169428
229.000000,100.0000,98.3787,82.2365,108.8260,610.374451,-3568.407429,-2958.032979,115.769898,-3684.596720,29.226517,-60.119415,31.313686
230.000000,100.0000,104.8514,77.2605,108.3126,657.642761,-3577.972837,-2920.330076,108.764766,-3687.921318,51.464619,-91.382874,41.100571
231.000000,100.0000,103.6846,91.5036,108.3398,646.727051,-3556.837806,-2910.110755,128.815813,-3687.745491,49.795204,-85.495331,37.791958
232.000000,100.0000,105.1480,87.5440,107.4126,648.451660,-3564.513679,-2916.062019,123.241537,-3693.766589,22.514200,-58.959988,42.457222
233.000000,100.0000,107.1372,76.0602,108.9661,664.394165,-3573.326563,-2908.932398,107.075000,-3683.690871,74.218552,-122.195709,51.266003
234.000000,100.0000,105.2978,84.9266,114.5517,660.046204,-3526.551320,-2866.505116,119.556812,-3647.981613,43.005463,-82.199959,41.069122
235.000000,100.0000,97.6357,95.8048,113.5933,606.998108,-3518.751505,-2911.753398,134.870839,-3654.052617,25.146194,-48.352852,23.635817
236.000000,100.0000,102.7149,80.3325,109.8521,634.256409,-3564.084948,-2929.828539,113.089471,-3677.972953,30.181545,-57.517700,28.134270
237.000000,100.0000,97.8236,72.0076,108.6442,608.529114,-3583.563000,-2975.033886,101.369917,-3685.773521,34.021099,-72.760918,39.580067
238.000000,100.0000,106.9779,82.7957,104.8939,668.819580,-3592.897189,-2924.077609,116.557127,-3710.240866,26.536976,-46.325989,20.574532
239.000000,100.0000,105.4320,92.6383,108.7692,656.252014,-3554.101296,-2897.849282,130.413194,-3684.964186,17.740620,-34.548973,17.259480
240.000000,100.0000,101.4840,83.5395,110.2882,628.436768,-3557.363271,-2928.926503,117.604191,-3675.166507,6.729510,-13.385004,6.854808
241.000000,100.0000,100.1299,77.3707,108.4358,624.165405,-3577.834464,-2953.669059,108.919939,-3687.123071,2.592981,-5.206040,2.983220
242.000000,100.0000,101.0967,84.9928,109.5490,631.217224,-3559.747972,-2928.530748,119.650010,-3679.926690,1.687596,-1.588986,0.429385
243.000000,100.0000,95.8995,79.3090,106.2295,595.262634,-3589.074190,-2993.811556,111.648577,-3701.483240,0.173395,0.275478,0.312087
244.000000,100.0000,98.3701,78.7573,101.8367,612.148987,-3617.761848,-3005.612861,110.871967,-3730.474021,8.162072,-11.352391,5.031406
245.000000,100.0000,98.7256,79.0214,102.9863,614.564453,-3610.133509,-2995.569056,111.243787,-3722.834919,5.525620,-12.072415,8.005064
246.000000,100.0000,98.6775,78.0222,103.0755,619.160645,-3610.194677,-2991.034033,109.837091,-3722.243109,9.876553,-13.305104,5.640895
247.000000,100.0000,99.9687,82.6570,106.4784,621.133545,-3583.337770,-2962.204225,116.361783,-3699.856488,2.339938,-4.452127,2.268786
248.000000,100.0000,101.0032,78.2031,104.5521,626.349976,-3601.422389,-2975.072413,110.091770,-3712.489742,4.156137,-7.035816,3.855637
249.000000,100.0000,101.0394,78.1160,105.2050,629.364502,-3597.556338,-2968.191836,109.969135,-3708.196246,6.702917,-11.005256,4.972576
250.000000,100.0000,98.9707,81.0615,107.4870,615.332764,-3576.268443,-2960.935679,114.115661,-3693.282614,57.436005,-97.651176,43.113121
251.000000,100.0000,97.3038,82.3612,109.5099,605.351929,-3564.051812,-2958.699883,115.945331,-3680.179193,14.082901,-26.315315,12.413876
252.000000,100.0000,94.7449,83.7184,108.8786,589.947998,-3565.369345,-2975.421347,117.856045,-3684.256845,11.504332,-28.513624,18.041122
253.000000,100.0000,93.6873,83.2134,106.9351,585.879639,-3578.283560,-2992.403922,117.145100,-3696.876574,34.444851,-73.921371,40.924240
254.000000,100.0000,103.0983,77.8669,106.3039,639.253174,-3590.362092,-2951.108918,109.618433,-3700.997150,69.658218,-126.050209,57.408367
255.000000,100.0000,103.5137,82.7908,106.7540,649.341736,-3578.986653,-2929.644917,116.550216,-3698.057530,19.484995,-26.155935,9.191627
256.000000,100.0000,103.1205,93.0301,104.5193,639.464172,-3579.794529,-2940.330357,130.964659,-3712.705305,17.426979,-43.199932,27.718689
257.000000,100.0000,100.8156,75.9184,105.6972,620.621826,-3597.070974,-2976.449148,106.875495,-3704.967789,26.928320,-43.859406,17.952225
258.000000,100.0000,101.1673,74.2603,109.3162,630.519653,-3576.015492,-2945.495839,104.541154,-3681.429493,30.871103,-67.290459,37.292919
259.000000,100.0000,99.7832,88.4694,107.4000,623.050293,-3567.500090,-2944.449797,124.544318,-3693.848776,27.991796,-42.322987,16.136299
260.000000,100.0000,100.6132,88.6631,108.5670,620.579285,-3560.229518,-2939.650234,124.817028,-3686.273586,31.774458,-65.611374,35.063820
261.000000,100.0000,103.6274,73.7914,104.6356,642.333252,-3606.537803,-2964.204551,103.881099,-3711.939747,49.038113,-101.059982,53.543125
262.000000,100.0000,104.5668,83.5201,107.3906,654.623474,-3576.245595,-2921.622120,117.576864,-3693.909781,46.482330,-94.302513,47.908913
263.000000,100.0000,102.5331,92.8618,110.6855,635.009277,-3538.967867,-2903.958590,130.727755,-3672.613898,59.461655,-100.807205,44.264175
264.000000,100.0000,105.5756,81.3308,105.7893,654.346252,-3589.375107,-2935.028855,114.494810,-3704.364301,8.693420,-20.700211,12.502134
265.000000,100.0000,98.1815,79.1590,105.2508,611.360901,-3594.486864,-2983.125963,111.437391,-3707.895815,35.066639,-75.444649,42.349335
266.000000,100.0000,98.6067,84.6386,108.6216,611.183228,-3565.744717,-2954.561490,119.151488,-3685.919922,19.460182,-33.183693,14.747175
267.000000,100.0000,99.5060,77.5987,105.3520,619.491333,-3597.251126,-2977.759793,109.240883,-3707.231368,12.223850,-23.897903,12.414110
268.000000,100.0000,97.7022,81.6677,107.0630,613.741577,-3579.113426,-2965.371849,114.969073,-3696.043072,15.738011,-27.205275,13.425821
269.000000,100.0000,98.9314,84.4923,103.2652,611.815735,-3600.065510,-2988.249775,118.945426,-3720.986648,40.260963,-81.455963,43.171185
270.000000,100.0000,99.9816,77.7602,105.3637,620.293701,-3594.630818,-2974.337117,109.468229,-3707.154504,10.226527,-12.012498,4.840862
271.000000,100.0000,98.8458,79.5998,109.9131,618.711182,-3564.758095,-2946.046914,112.057942,-3677.580065,7.243895,-15.138486,8.660184
272.000000,100.0000,96.0431,88.5369,109.8221,597.078369,-3552.690598,-2955.612229,124.639389,-3678.166475,32.844238,-63.266171,31.258631
273.000000,100.0000,98.3560,78.3046,109.3024,612.674072,-3569.749208,-2957.075136,110.234639,-3681.518341,12.878617,-28.050789,16.707600
274.000000,100.0000,99.2544,75.9995,103.1260,621.009888,-3614.210406,-2993.200518,106.989627,-3721.909069,10.065066,-17.023130,7.667506
275.000000,100.0000,99.2037,89.0436,104.0409,617.151611,-3590.466578,-2973.314967,125.352711,-3715.859273,38.134033,-76.268616,38.174709
276.000000,100.0000,97.6417,75.7107,107.9596,604.609375,-3580.316067,-2975.706692,106.583022,-3690.211511,36.218597,-56.204350,23.298727
277.000000,100.0000,99.5650,70.8816,105.1638,622.519226,-3607.518465,-2984.999239,99.784834,-3708.466813,6.716013,-12.372882,6.820940
278.000000,100.0000,87.8559,88.6706,111.1475,548.379272,-3544.368659,-2995.989386,124.827573,-3669.650149,13.186256,-25.883070,13.151960
279.000000,100.0000,95.7382,83.1518,107.4414,591.877686,-3576.299204,-2984.421519,117.058323,-3693.579297,33.522484,-66.773270,33.472656
280.000000,100.0000,101.2200,75.4108,106.1383,627.507690,-3595.105092,-2967.597401,106.160878,-3702.079401,31.212482,-58.774158,28.374874
281.000000,100.0000,98.6078,82.8037,106.9803,613.187500,-3579.799706,-2966.612206,116.568263,-3696.581737,29.705276,-57.753899,28.263176
282.000000,100.0000,95.0325,85.1555,112.7600,588.615295,-3535.901103,-2947.285808,119.879043,-3659.349592,7.719786,-7.736304,3.585920
283.000000,100.0000,100.7463,76.5087,109.1695,626.707886,-3571.260128,-2944.552242,107.706454,-3682.376839,9.250380,-16.682566,10.841983
284.000000,100.0000,98.1654,82.7295,109.7547,610.875549,-3561.263208,-2950.387659,116.463895,-3678.600840,5.776118,-11.830656,6.927684
285.000000,100.0000,101.8901,86.1593,106.6867,631.961914,-3576.558867,-2944.596953,121.292237,-3698.496910,41.569157,-74.070297,33.146976
286.000000,100.0000,100.0086,77.6725,109.3727,619.579712,-3569.928302,-2950.348590,109.344802,-3681.064704,27.340641,-58.443317,32.893932
287.000000,100.0000,98.6631,80.5039,106.9071,614.891418,-3582.013978,-2967.122559,113.330766,-3697.059155,20.076635,-28.619547,10.256156
288.000000,100.0000,98.3447,85.5429,106.9693,611.076782,-3574.539324,-2963.462542,120.424538,-3696.653695,42.281898,-93.436287,52.844097
289.000000,100.0000,99.2178,82.3254,108.2006,614.201782,-3572.464624,-2958.262842,115.895042,-3688.647994,44.454746,-90.473587,46.307491
290.000000,100.0000,101.2554,77.3034,107.7843,630.279358,-3582.246327,-2951.966969,108.825201,-3691.349906,24.952919,-52.760597,28.086121
291.000000,100.0000,94.5264,81.4126,107.6312,590.559570,-3577.151367,-2986.591796,114.609950,-3692.344711,48.870701,-92.813431,44.525322
292.000000,100.0000,101.9398,85.5928,106.6952,630.286255,-3571.795901,-2941.509646,120.494690,-3698.440975,77.364510,-114.218147,43.003464
293.000000,100.0000,98.7121,73.6559,105.1504,616.309204,-3603.261935,-2986.952731,103.690367,-3708.554910,76.673042,-170.388367,95.317513
294.000000,100.0000,100.4583,83.0581,104.0738,626.675293,-3596.923588,-2970.248295,116.926411,-3715.642630,69.131477,-133.715088,66.375999
295.000000,100.0000,97.9341,88.0350,107.3635,611.181885,-3568.747344,-2957.565459,123.932766,-3694.085837,73.794556,-137.723053,65.334251
296.000000,100.0000,100.0791,81.4436,108.3051,620.517578,-3571.345198,-2950.827620,114.653564,-3687.970374,52.074493,-106.692062,56.589325
297.000000,100.0000,104.0555,77.1319,107.4532,650.469482,-3584.077849,-2933.608367,108.583692,-3693.502344,28.346600,-53.590546,26.084368
298.000000,100.0000,97.9194,86.6297,103.0949,610.939514,-3597.444595,-2986.505081,121.954470,-3722.114621,62.802158,-140.998215,80.912384
299.000000,100.0000,97.9217,82.9832,102.2498,604.434265,-3610.603221,-3006.168955,116.820983,-3727.724548,107.286995,-204.162186,97.175072
300.000000,100.0000,98.4035,74.4604,106.4880,610.450867,-3594.463795,-2984.012929,104.822970,-3699.793874,50.555695,-103.868744,53.820133
301.000000,100.0000,96.3035,78.4268,103.2961,601.369202,-3609.657801,-3008.288600,110.406698,-3720.782481,49.788116,-90.771660,41.700581
302.000000,100.0000,101.1009,80.9480,97.8903,627.828552,-3641.760751,-3013.932199,113.955868,-3756.994612,41.306370,-92.132240,52.103725
303.000000,100.0000,97.3137,81.2998,106.3370,604.893799,-3585.453930,-2980.560132,114.451234,-3700.780200,22.968775,-42.436863,20.344038
304.000000,100.0000,98.6118,82.0459,105.6327,612.964600,-3588.029832,-2975.065233,115.501498,-3705.390191,26.833021,-41.472115,16.497953
305.000000,100.0000,102.5732,78.4950,106.1539,636.252686,-3591.025437,-2954.772751,110.502614,-3701.977715,23.748640,-45.304100,22.004967
306.000000,100.0000,102.9025,84.7078,110.2133,638.496338,-3555.081854,-2916.585517,119.248860,-3675.648318,42.835232,-91.789543,50.271748
307.000000,100.0000,101.8511,81.4740,105.7570,631.688110,-3588.019163,-2956.331052,114.696425,-3704.575502,55.982849,-94.695389,40.573582
308.000000,100.0000,95.3297,77.4862,106.4703,593.326416,-3590.670037,-2997.343621,109.082533,-3699.909460,109.483833,-214.220062,104.893005
309.000000,100.0000,97.4898,78.1449,103.0671,607.374878,-3611.026835,-3003.651957,110.009806,-3722.298864,31.801176,-66.500198,35.960827
310.000000,100.0000,96.6059,76.7838,102.7458,599.010620,-3615.887048,-3016.876428,108.093688,-3724.430029,43.250050,-90.728241,47.927319
311.000000,100.0000,99.1179,77.5312,101.8194,616.258118,-3620.679499,-3004.421382,109.145840,-3730.589265,67.154907,-126.006187,59.613884
312.000000,100.0000,98.1778,82.8179,102.5563,611.556213,-3607.977153,-2996.420939,116.588352,-3725.687399,21.115734,-48.688183,28.695375
313.000000,100.0000,95.0011,82.4796,103.3536,589.791382,-3601.896576,-3012.105195,116.112117,-3720.401590,53.287514,-126.192795,75.299026
314.000000,100.0000,96.2136,71.5302,106.0669,595.853088,-3599.142079,-3003.288991,100.697866,-3702.546714,84.705551,-139.128601,57.129868
315.000000,100.0000,99.2457,73.0879,105.3700,619.138855,-3602.189431,-2983.050576,102.890739,-3707.113144,64.273964,-137.232040,74.989868
316.000000,100.0000,96.1689,89.1214,100.4427,596.964478,-3614.126759,-3017.162282,125.462229,-3739.789320,83.912651,-162.974121,79.260864
317.000000,100.0000,102.2470,78.2093,98.9447,630.058105,-3639.208668,-3009.150563,110.100537,-3749.863253,92.283348,-174.140076,82.411400
318.000000,100.0000,103.0492,63.1972,96.9856,641.330017,-3671.693801,-3030.363784,88.966922,-3763.141081,122.330925,-266.367950,146.517563
319.000000,100.0000,95.5442,80.2399,102.6656,597.730713,-3611.078150,-3013.347437,112.959038,-3724.961847,86.124115,-165.739136,80.538719
320.000000,100.0000,93.8031,88.0140,104.5355,582.834534,-3586.642428,-3003.807894,123.903198,-3712.599179,116.433083,-217.662872,103.283035
321.000000,100.0000,99.1604,75.3714,102.2153,612.646973,-3620.703865,-3008.056892,106.105394,-3727.954179,66.528496,-149.216415,83.833702
322.000000,100.0000,100.6631,66.5606,105.4163,628.744385,-3612.562319,-2983.817935,93.701854,-3706.809706,64.204369,-117.439308,53.781807
323.000000,100.0000,97.6414,81.3141,103.0070,610.387207,-3607.581233,-2997.194026,114.471310,-3722.697169,102.811508,-201.831833,99.665764
324.000000,100.0000,96.6953,89.4886,105.2835,599.598145,-3581.370257,-2981.772112,125.979158,-3707.680839,94.225990,-183.913620,90.018776
325.000000,100.0000,102.3362,79.4539,103.4739,633.177673,-3607.377531,-2974.199857,111.852521,-3719.605957,90.054214,-187.883423,98.205620
326.000000,100.0000,101.9433,72.7907,99.7994,633.803955,-3640.604975,-3006.801020,102.472364,-3744.107192,61.045959,-112.412933,52.397457
327.000000,100.0000,96.3136,76.3032,99.2172,600.362427,-3639.609171,-3039.246745,107.417160,-3748.026241,44.698738,-94.277443,50.577110
328.000000,100.0000,95.5395,80.1308,101.5768,596.054138,-3619.177189,-3023.123051,112.805517,-3732.206773,53.545956,-101.731827,48.410404
329.000000,100.0000,98.2647,78.9216,101.8981,607.469971,-3617.840066,-3010.370095,111.103208,-3730.065572,84.350052,-156.469193,73.241791
330.000000,100.0000,100.8943,76.6602,102.9944,626.153687,-3613.638638,-2987.484952,107.919675,-3722.781086,37.297421,-82.280754,46.206184
331.000000,100.0000,100.7988,78.8447,105.1732,627.470154,-3596.423901,-2968.953747,110.994945,-3708.404994,25.686020,-49.209084,24.509134
332.000000,100.0000,98.2185,79.8789,100.3121,610.899414,-3627.418935,-3016.519521,112.450954,-3740.665199,15.011462,-29.739084,15.523078
333.000000,100.0000,100.9142,81.7919,110.4534,625.820190,-3557.642448,-2931.822258,115.143973,-3674.104520,5.505437,-16.247515,12.061382
334.000000,100.0000,106.6462,83.1147,108.3917,664.474243,-3570.287753,-2905.813510,117.006179,-3687.408604,1.091214,-1.991707,1.015329
335.000000,100.0000,99.1222,87.1404,108.3814,615.157654,-3564.729340,-2949.571686,122.673329,-3687.475535,12.469984,-23.479786,11.081774
336.000000,100.0000,97.6770,75.2230,111.3928,605.926453,-3561.289903,-2955.363451,105.896502,-3668.078832,23.919022,-46.130188,23.103109
337.000000,100.0000,96.7179,80.6115,108.2347,603.577881,-3573.606652,-2970.028771,113.482273,-3688.426671,32.869267,-63.892784,32.361713
338.000000,100.0000,97.2882,89.5658,109.2312,605.212769,-3555.779195,-2950.566427,126.087725,-3681.977793,13.988659,-28.427572,14.549342
339.000000,100.0000,105.0989,80.5778,109.2022,651.008240,-3566.742288,-2915.734048,113.434770,-3682.165022,5.673481,-10.403916,6.718516
340.000000,100.0000,102.6245,74.8859,105.0301,640.419800,-3603.579154,-2963.159355,105.421850,-3709.345457,0.609468,-1.741777,1.476974
341.000000,100.0000,96.3347,88.8523,112.9247,599.720520,-3533.128172,-2933.407652,125.083355,-3658.301589,2.680628,-6.194945,3.605088
342.000000,100.0000,100.7487,79.4636,104.6514,623.845825,-3598.494872,-2974.649047,111.866194,-3711.835987,4.087329,-3.442007,0.829385
343.000000,100.0000,98.7579,76.5095,107.5635,614.996338,-3584.199165,-2969.202827,107.707595,-3692.784938,0.282995,0.362184,0.232130
344.000000,100.0000,93.6621,83.6103,106.8946,583.473450,-3577.037050,-2993.563600,117.703772,-3697.140304,6.696325,-6.471728,2.173912
345.000000,100.0000,95.0198,78.8480,104.6522,588.409302,-3600.025444,-3011.616142,110.999654,-3711.830453,5.698867,-12.924612,8.030990
346.000000,100.0000,96.3505,73.6776,103.0264,599.076111,-3618.720284,-3019.644173,103.720844,-3722.569009,24.625717,-46.212605,21.713528
347.000000,100.0000,96.9758,78.7803,100.1788,605.638794,-3630.043210,-3024.404416,110.904310,-3741.558972,10.975453,-25.660555,15.296884
348.000000,100.0000,95.7875,78.0480,103.2866,596.885437,-3609.618578,-3012.733141,109.873472,-3720.845338,25.377060,-41.683323,17.658182
349.000000,100.0000,95.2008,78.0965,107.6180,591.376831,-3580.698457,-2989.321626,109.941754,-3692.430975,20.638390,-34.144764,15.296708
350.000000,100.0000,103.1648,80.0126,105.3515,641.506714,-3592.310116,-2950.803402,112.639118,-3707.234702,12.470655,-26.604563,16.418041
351.000000,100.0000,100.0248,81.6662,107.2510,620.771973,-3579.009683,-2958.237711,114.966945,-3694.818533,56.840363,-106.610741,50.612972
352.000000,100.0000,101.2622,82.0049,106.9578,627.393494,-3580.859622,-2953.466128,115.443755,-3696.728737,24.598549,-52.004124,27.831690
353.000000,100.0000,101.0609,75.9186,103.4907,627.715942,-3611.399866,-2983.683923,106.875744,-3719.494685,37.532188,-69.202614,32.889942
354.000000,100.0000,98.2346,81.6216,105.3598,612.946716,-3591.139576,-2978.192859,114.904146,-3707.180152,60.487602,-118.628181,59.277035
355.000000,100.0000,100.2512,83.5835,107.4758,624.663513,-3572.381357,-2947.717844,117.666114,-3693.355343,49.964554,-108.788719,62.131371
356.000000,100.0000,104.8398,74.7662,103.1784,653.248352,-3615.546817,-2962.298465,105.253380,-3721.561666,43.845387,-85.282738,42.199192
357.000000,100.0000,103.3595,74.3305,105.7099,643.308411,-3597.843453,-2954.535043,104.640010,-3704.884144,45.523411,-78.719704,35.596390
358.000000,100.0000,99.9126,85.3463,104.4068,625.777588,-3592.998668,-2967.221080,120.147667,-3713.446848,44.144279,-86.539108,42.696819
359.000000,100.0000,100.3624,87.6967,104.4215,621.131470,-3589.411679,-2968.280209,123.456467,-3713.349936,17.742304,-35.134911,17.874397
360.000000,100.0000,104.3348,73.5940,104.9693,647.067749,-3604.314883,-2957.247134,103.603240,-3709.744735,18.173399,-36.617455,20.271009
361.000000,100.0000,96.0140,81.4570,109.0235,598.281128,-3564.296362,-2966.015235,114.672444,-3683.320137,22.050121,-46.651287,28.952341
362.000000,100.0000,102.5716,85.2609,107.7884,636.324951,-3568.663531,-2932.338580,120.027424,-3691.323258,63.539814,-106.653732,45.746727
363.000000,100.0000,105.7070,74.8963,105.0317,654.980835,-3602.782933,-2947.802098,105.436596,-3709.335012,18.507137,-43.029434,25.637857
364.000000,100.0000,100.9654,73.8541,106.9819,631.294922,-3592.188197,-2960.893275,103.969416,-3696.571217,40.708538,-87.297081,47.001396
365.000000,100.0000,98.0871,87.2031,104.9427,611.928223,-3585.876944,-2973.948721,122.761654,-3709.919888,55.208218,-100.655945,46.728905
366.000000,100.0000,96.9482,84.9108,111.3108,599.649536,-3547.810800,-2948.161264,119.534632,-3668.603875,53.314064,-97.766022,45.709919
367.000000,100.0000,103.5767,75.4827,108.3489,646.122559,-3580.776453,-2934.653894,106.262028,-3687.686507,30.887569,-61.391151,31.151489
368.000000,100.0000,100.7904,78.1663,107.1927,629.431763,-3584.696683,-2955.264921,110.039945,-3695.197784,38.700867,-81.636452,43.396801
369.000000,100.0000,98.1782,86.6457,105.6464,610.054565,-3583.134974,-2973.080409,121.976931,-3705.300553,37.664589,-72.046799,34.571590
370.000000,100.0000,98.4480,83.1458,106.2985,610.078491,-3583.316052,-2973.237561,117.049863,-3701.031861,57.537750,-103.469543,46.599152
371.000000,100.0000,104.4564,74.8766,105.4146,649.293823,-3600.781975,-2951.488152,105.408796,-3706.820809,77.077858,-140.298920,63.852169
372.000000,100.0000,99.8916,76.7426,109.4077,620.818420,-3571.787756,-2950.969336,108.035729,-3680.838423,51.924877,-108.281212,57.370079
373.000000,100.0000,100.6859,83.4137,107.7242,629.864258,-3572.189745,-2942.325488,117.427087,-3691.740680,46.470314,-109.215958,64.870934
374.000000,100.0000,98.1066,86.6336,108.1838,609.417480,-3562.003546,-2952.586066,121.959986,-3688.756655,29.816969,-42.259731,17.236439
375.000000,100.0000,104.4839,78.8041,107.2601,645.765381,-3580.337666,-2934.572285,110.937793,-3694.758795,39.225925,-72.268021,36.526119
376.000000,100.0000,105.0358,71.8188,104.7261,653.790039,-3609.113972,-2955.323933,101.104168,-3711.344573,86.494865,-177.497330,92.128067
377.000000,100.0000,96.6773,79.3430,106.8037,604.532776,-3585.490218,-2980.957442,111.696522,-3697.733019,73.192886,-136.516693,63.871181
378.000000,100.0000,99.2050,84.3066,108.9970,616.502319,-3564.080349,-2947.578030,118.684005,-3683.491291,27.180290,-62.228832,35.774090
379.000000,100.0000,96.4441,83.7498,112.0835,598.620728,-3545.562144,-2946.941416,117.900148,-3663.663428,20.015524,-39.272556,19.457552
380.000000,100.0000,103.9037,80.3222,106.1398,643.576294,-3588.318541,-2944.742247,113.074945,-3702.069813,17.585390,-32.557526,15.647448
381.000000,100.0000,97.7868,74.7537,107.4980,606.671631,-3587.689826,-2981.018195,105.235824,-3693.210764,40.779545,-78.349464,37.855762
382.000000,100.0000,101.7149,82.8155,103.8289,633.314636,-3600.163298,-2966.848662,116.584940,-3717.259156,84.586357,-160.116089,76.040062
383.000000,100.0000,98.0013,82.1051,109.0107,607.117676,-3566.784953,-2959.667277,115.584793,-3683.402527,58.328503,-111.856682,54.559566
384.000000,100.0000,106.4216,74.0492,107.2895,659.729980,-3588.321692,-2928.591712,104.243980,-3694.567489,55.565456,-115.516220,61.951824
385.000000,100.0000,103.0789,82.2705,105.2888,644.375000,-3591.386962,-2947.011962,115.817680,-3707.645941,16.979834,-31.664005,15.126745
386.000000,100.0000,99.8623,92.4310,105.9015,619.038696,-3572.137993,-2953.099297,130.121350,-3703.629437,29.434937,-50.320042,22.254904
387.000000,100.0000,100.4938,77.7203,109.3755,622.160034,-3567.674641,-2945.514607,109.412019,-3681.046098,41.473278,-66.994194,29.480343
388.000000,100.0000,104.4932,68.3880,100.6373,652.113892,-3639.847775,-2987.733883,96.274422,-3738.485378,25.923454,-49.842033,26.282066
389.000000,100.0000,95.6536,82.1032,109.3392,597.529785,-3563.918612,-2966.388827,115.582217,-3681.280600,28.732462,-65.353981,38.402374
390.000000,100.0000,102.2352,85.8675,107.7132,631.645264,-3569.803164,-2938.157900,120.881436,-3691.812001,29.190073,-48.909687,20.847124
391.000000,100.0000,102.3622,73.3118,108.4687,636.496338,-3583.498681,-2947.002343,103.206008,-3686.909722,90.108841,-183.648636,93.744362
392.000000,100.0000,100.9453,77.7910,107.7184,628.251038,-3581.221786,-2952.970748,109.511620,-3691.778104,98.130112,-207.535217,110.450897
393.000000,100.0000,101.7567,79.7459,106.6027,631.801880,-3585.027037,-2953.225157,112.263627,-3699.045223,65.359299,-117.683853,54.080021
394.000000,100.0000,98.1456,81.6803,112.6593,610.287781,-3544.870699,-2934.582919,114.986838,-3659.991106,92.534927,-184.129654,91.728012
395.000000,100.0000,95.1696,73.8513,109.3315,593.540405,-3576.310355,-2982.769949,103.965418,-3681.330518,50.970490,-114.335175,64.419548
396.000000,100.0000,100.6659,82.2415,108.4345,626.734741,-3570.386538,-2943.651797,115.776868,-3687.131716,53.084190,-96.932022,44.816227
397.000000,100.0000,94.5397,80.0137,113.1631,586.124390,-3543.844136,-2957.719746,112.640602,-3656.785350,59.352562,-114.483360,55.430885
398.000000,100.0000,94.9612,78.2731,111.3707,590.244141,-3556.145253,-2965.901112,110.190312,-3668.220421,49.685925,-116.237564,68.437256
399.000000,100.0000,106.7598,78.7133,105.6729,666.011719,-3593.840991,-2927.829272,110.809991,-3705.126501,58.591190,-119.164841,61.049099
400.000000,100.0000,97.8989,80.3890,110.3456,613.031250,-3561.577885,-2948.546635,113.169059,-3674.797171,82.616852,-161.419525,78.853065
401.000000,100.0000,98.5390,87.9771,109.0205,609.982178,-3557.775791,-2947.793613,123.851300,-3683.339665,86.335930,-189.259842,104.636169
402.000000,100.0000,106.5504,77.2378,112.3808,659.218628,-3552.192721,-2892.974093,108.732791,-3661.766125,137.974564,-269.544525,132.411774
403.000000,100.0000,101.8542,75.0876,113.3262,636.418335,-3549.783219,-2913.364884,105.705919,-3655.748449,101.507584,-207.140701,105.892181
404.000000,100.0000,103.7004,89.4398,112.3655,646.643555,-3535.152960,-2888.509406,125.910393,-3661.863595,95.712326,-201.046280,106.134476
405.000000,100.0000,103.6817,85.7494,112.0532,641.577515,-3542.538500,-2900.960986,120.715129,-3663.856742,152.933197,-297.471008,145.141281
406.000000,100.0000,104.1829,76.1181,107.0530,647.189575,-3588.065909,-2940.876334,107.156588,-3696.108250,69.065422,-132.436722,64.254845
407.000000,100.0000,106.4161,78.0342,103.8415,662.085205,-3606.802298,-2944.717093,109.854031,-3717.175628,102.636955,-193.089447,90.971054
408.000000,100.0000,98.5884,84.1635,107.1181,613.816162,-3576.439889,-2962.623726,118.482637,-3695.683974,82.677444,-174.411285,92.494957
409.000000,100.0000,100.2426,83.8315,108.1934,620.977417,-3569.337838,-2948.360421,118.015160,-3688.694456,129.872955,-249.299606,120.768921
410.000000,100.0000,106.6942,78.9815,105.6759,664.371277,-3593.649535,-2929.278258,111.187538,-3705.107120,55.993237,-115.506668,59.783543
411.000000,100.0000,99.1254,83.3299,104.5282,620.768188,-3594.676024,-2973.907836,117.309062,-3712.647239,94.618622,-194.686127,100.729958
412.000000,100.0000,96.0928,82.8788,108.9783,596.902710,-3564.507119,-2967.604409,116.674103,-3683.612018,169.085266,-328.601013,161.947235
413.000000,100.0000,98.4271,73.6676,102.6465,610.652954,-3620.127787,-3009.474833,103.706831,-3725.088697,192.482590,-373.819916,182.590851
414.000000,100.0000,94.4771,73.6484,102.6166,588.381897,-3617.947785,-3029.565888,103.679732,-3725.287634,150.991837,-339.619720,192.287796
415.000000,100.0000,99.3682,83.1988,102.9152,618.472900,-3602.716445,-2984.243544,117.124473,-3723.306287,212.383240,-376.056244,167.137985
416.000000,100.0000,100.4667,77.6167,104.3586,625.694641,-3603.653742,-2977.959101,109.266294,-3713.764437,124.715157,-251.399826,127.529938
417.000000,100.0000,96.7391,78.6060,106.0270,605.602783,-3590.368006,-2984.765223,110.658913,-3702.807997,106.474510,-198.023102,93.328583
418.000000,100.0000,95.9261,90.1631,110.2473,595.489014,-3546.842787,-2951.353774,126.928681,-3675.429498,117.556633,-248.425018,132.524933
419.000000,100.0000,99.7667,75.8835,107.0906,617.791687,-3586.876010,-2969.084323,106.826243,-3695.862868,128.687653,-263.607849,137.082031
420.000000,100.0000,99.2526,75.4241,101.7352,618.252319,-3620.528412,-3002.276093,106.179557,-3731.150500,161.886459,-289.307770,131.863831
421.000000,100.0000,102.7457,84.9978,105.5795,637.038757,-3584.947121,-2947.908364,119.657120,-3705.739330,156.980972,-301.126923,145.280426
422.000000,100.0000,107.0940,80.8726,107.7977,663.934937,-3574.560432,-2910.625495,113.849736,-3691.263015,72.880272,-151.727356,81.699677
423.000000,100.0000,100.4282,80.7152,111.2707,629.232422,-3555.096924,-2925.864502,113.628177,-3668.860655,94.089279,-190.452393,96.499184
424.000000,100.0000,99.8975,96.1951,111.2991,617.982788,-3532.284977,-2914.302188,135.420240,-3668.679008,136.735916,-267.655304,131.893692
425.000000,100.0000,103.4708,83.5344,113.0956,637.997437,-3538.376013,-2900.378577,117.596930,-3657.214450,107.241402,-208.683044,102.682983
426.000000,100.0000,100.6924,71.9967,111.3834,627.176758,-3565.917079,-2938.740321,101.354527,-3668.138908,145.467804,-285.322906,140.723267
427.000000,100.0000,99.3077,86.0709,109.1615,618.430725,-3557.955586,-2939.524861,121.167844,-3682.427987,67.918358,-151.162399,86.549591
428.000000,100.0000,94.9902,79.8634,110.6603,589.612549,-3558.612799,-2969.000250,112.429118,-3672.775423,111.025642,-209.992355,100.699371
429.000000,100.0000,101.7906,80.8635,107.4019,634.951050,-3579.671193,-2944.720143,113.836912,-3693.836429,61.020630,-116.749794,56.058002
430.000000,100.0000,98.8662,84.2523,109.7286,612.168884,-3559.963242,-2947.794357,118.607614,-3678.769243,95.429695,-186.826187,91.595085
431.000000,100.0000,100.8682,76.4241,108.5276,627.273315,-3578.245394,-2950.972079,107.587289,-3686.528634,38.031574,-71.961311,34.625252
432.000000,100.0000,92.5943,81.9309,115.5246,576.162354,-3525.898079,-2949.735726,115.339613,-3641.841657,66.647568,-134.130249,68.088036
433.000000,100.0000,97.1623,84.2931,108.5754,604.143311,-3567.123362,-2962.980052,118.665072,-3686.218684,44.450165,-87.427971,43.407940
434.000000,100.0000,96.7141,78.7066,102.9219,599.565063,-3611.726258,-3012.161194,110.800606,-3723.261894,26.634922,-60.921925,35.022106
435.000000,100.0000,96.3029,69.7695,101.6838,598.036865,-3631.883921,-3033.847056,98.219236,-3731.493404,40.227406,-92.335518,53.497211
436.000000,100.0000,92.7444,71.7585,102.5818,576.468872,-3623.485611,-3047.016739,101.019206,-3725.518389,45.861324,-78.794235,33.945587
437.000000,100.0000,99.6094,82.2085,103.7991,620.912964,-3601.298634,-2980.385670,115.730387,-3717.455857,39.917038,-82.296707,42.807739
438.000000,100.0000,100.1835,86.6389,109.3977,621.556519,-3558.108960,-2936.552441,121.967437,-3680.903043,44.911850,-98.609016,54.524178
439.000000,100.0000,104.9984,79.0922,108.4121,650.042725,-3575.368720,-2925.325995,111.343375,-3687.276790,17.601440,-39.990685,22.954119
440.000000,100.0000,108.2577,77.4733,102.0632,674.466309,-3619.436760,-2944.970452,109.064310,-3728.966133,24.801188,-44.920383,20.585423
441.000000,100.0000,100.4308,88.7598,104.4371,625.076904,-3587.786613,-2962.709709,124.953090,-3713.246904,15.654874,-27.234943,12.087751
442.000000,100.0000,97.7440,75.9233,104.6349,603.413330,-3597.031481,-2993.618151,106.882257,-3711.944268,21.320686,-45.719688,32.429478
443.000000,100.0000,101.5305,67.5311,103.8876,632.970337,-3621.487927,-2988.517590,95.068127,-3716.871606,27.429392,-54.425426,27.310293
444.000000,100.0000,94.2168,83.2210,109.7979,592.692749,-3560.581355,-2967.888606,117.155823,-3678.322400,44.065559,-89.694572,46.213871
445.000000,100.0000,98.1402,85.5743,107.7133,605.495911,-3570.376950,-2964.881040,120.468693,-3691.811473,1.243699,-4.546958,4.269525
446.000000,100.0000,100.6212,67.6297,111.4707,624.098877,-3571.497863,-2947.398986,95.206878,-3667.580080,2.450908,-1.995866,0.418838
447.000000,100.0000,99.9449,78.3959,110.7666,626.791748,-3560.349575,-2933.557827,110.363158,-3672.093239,13.053278,-23.428171,11.755589
