sample_index,time_ps,harmonic_hartree,total_PE_hartree,intramolecular_hartree,lj_hartree,coulombic_hartree,T_kinetic_K
0,10100.000000,0.2418043601,-0.4400386910,0.2418043601,-0.6818430512,0.0000000000,404.860864
1,10200.000000,0.2010449197,-0.4456364293,0.2010449197,-0.6466813490,0.0000000000,414.426745
2,10300.000000,0.2262850458,-0.4457703303,0.2262850458,-0.6720553761,0.0000000000,423.732779
3,10400.000000,0.2207044048,-0.4778786853,0.2207044048,-0.6985830901,0.0000000000,396.698200
4,10500.000000,0.2241416387,-0.4603407536,0.2241416387,-0.6844823923,0.0000000000,423.098100
5,10600.000000,0.2350951639,-0.4854009895,0.2350951639,-0.7204961535,0.0000000000,353.970154
6,10700.000000,0.2367879642,-0.4023432869,0.2367879642,-0.6391312511,0.0000000000,410.222693
7,10800.000000,0.2187754246,-0.4525235751,0.2187754246,-0.6712989997,0.0000000000,422.003903
8,10900.000000,0.2267467684,-0.4528714613,0.2267467684,-0.6796182297,0.0000000000,408.529054
9,11000.000000,0.2199530630,-0.4396874146,0.2199530630,-0.6596404776,0.0000000000,391.385036
10,11100.000000,0.2270041644,-0.4394837002,0.2270041644,-0.6664878646,0.0000000000,394.856491
11,11200.000000,0.2257711993,-0.4061394337,0.2257711993,-0.6319106330,0.0000000000,402.769723
12,11300.000000,0.2438144057,-0.4247913086,0.2438144057,-0.6686057142,0.0000000000,387.609611
13,11400.000000,0.2256330917,-0.4465187286,0.2256330917,-0.6721518204,0.0000000000,378.605002
14,11500.000000,0.2269924468,-0.4395775051,0.2269924468,-0.6665699518,0.0000000000,374.179042
15,11600.000000,0.2467177660,-0.4237382476,0.2467177660,-0.6704560136,0.0000000000,400.789379
16,11700.000000,0.2357991203,-0.4311585982,0.2357991203,-0.6669577185,0.0000000000,374.026117
17,11800.000000,0.2281204614,-0.4541204266,0.2281204614,-0.6822408880,0.0000000000,415.673787
18,11900.000000,0.2636695910,-0.4390876343,0.2636695910,-0.7027572254,0.0000000000,385.436801
19,12000.000000,0.2449040727,-0.4326903075,0.2449040727,-0.6775943802,0.0000000000,408.038529
20,12100.000000,0.2247539492,-0.4330144799,0.2247539492,-0.6577684291,0.0000000000,400.147770
21,12200.000000,0.2404193101,-0.4536755704,0.2404193101,-0.6940948805,0.0000000000,375.390222
22,12300.000000,0.2542248837,-0.4426975960,0.2542248837,-0.6969224797,0.0000000000,388.989377
23,12400.000000,0.2283967002,-0.4448545111,0.2283967002,-0.6732512113,0.0000000000,402.853036
24,12500.000000,0.2394650609,-0.4391101794,0.2394650609,-0.6785752403,0.0000000000,382.702562
25,12600.000000,0.2292705373,-0.4412620777,0.2292705373,-0.6705326149,0.0000000000,391.529151
26,12700.000000,0.2276477295,-0.4481926343,0.2276477295,-0.6758403638,0.0000000000,382.216031
27,12800.000000,0.2206459025,-0.4457156772,0.2206459025,-0.6663615797,0.0000000000,394.016816
28,12900.000000,0.2274394373,-0.4663685189,0.2274394373,-0.6938079562,0.0000000000,357.136935
29,13000.000000,0.2141690349,-0.4583231008,0.2141690349,-0.6724921357,0.0000000000,397.094058
30,13100.000000,0.2143745771,-0.4985154176,0.2143745771,-0.7128899947,0.0000000000,418.712779
31,13200.000000,0.2204387218,-0.4471707621,0.2204387218,-0.6676094839,0.0000000000,415.976582
32,13300.000000,0.2492977960,-0.4152025335,0.2492977960,-0.6645003295,0.0000000000,388.200207
33,13400.000000,0.2207358465,-0.4311485679,0.2207358465,-0.6518844145,0.0000000000,396.001936
34,13500.000000,0.1976296039,-0.4978564466,0.1976296039,-0.6954860505,0.0000000000,407.203709
35,13600.000000,0.2211645579,-0.4408557675,0.2211645579,-0.6620203254,0.0000000000,409.453373
36,13700.000000,0.2356241608,-0.4620658112,0.2356241608,-0.6976899720,0.0000000000,399.166250
37,13800.000000,0.2177296288,-0.4461370800,0.2177296288,-0.6638667088,0.0000000000,378.300876
38,13900.000000,0.2449644402,-0.4252668366,0.2449644402,-0.6702312767,0.0000000000,396.462549
39,14000.000000,0.2329693765,-0.4507186327,0.2329693765,-0.6836880092,0.0000000000,393.740526
40,14100.000000,0.2340148059,-0.4443126510,0.2340148059,-0.6783274569,0.0000000000,406.917357
41,14200.000000,0.2406162891,-0.4067161445,0.2406162891,-0.6473324336,0.0000000000,410.208677
42,14300.000000,0.2413705880,-0.4426108373,0.2413705880,-0.6839814253,0.0000000000,379.108564
43,14400.000000,0.2433464985,-0.4148573568,0.2433464985,-0.6582038553,0.0000000000,398.417837
44,14500.000000,0.2498015086,-0.4351885612,0.2498015086,-0.6849900699,0.0000000000,380.158207
45,14600.000000,0.2417743690,-0.4518226742,0.2417743690,-0.6935970432,0.0000000000,414.312737
46,14700.000000,0.2324049349,-0.4777757936,0.2324049349,-0.7101807285,0.0000000000,407.868848
47,14800.000000,0.2767570281,-0.3991698440,0.2767570281,-0.6759268720,0.0000000000,402.369245
48,14900.000000,0.2124840607,-0.4781665940,0.2124840607,-0.6906506547,0.0000000000,397.897204
49,15000.000000,0.2110958430,-0.5164690810,0.2110958430,-0.7275649240,0.0000000000,408.634723
50,15100.000000,0.2473982759,-0.4344346624,0.2473982759,-0.6818329383,0.0000000000,401.643500
51,15200.000000,0.2933820668,-0.4100528769,0.2933820668,-0.7034349436,0.0000000000,396.732614
52,15300.000000,0.2170791629,-0.4897841403,0.2170791629,-0.7068633031,0.0000000000,403.736247
53,15400.000000,0.2235873120,-0.4686078821,0.2235873120,-0.6921951941,0.0000000000,401.731669
54,15500.000000,0.2255574575,-0.4657833407,0.2255574575,-0.6913407982,0.0000000000,400.426448
55,15600.000000,0.2245089041,-0.4721033359,0.2245089041,-0.6966122400,0.0000000000,403.039161
56,15700.000000,0.2268736555,-0.4671861222,0.2268736555,-0.6940597778,0.0000000000,416.956066
57,15800.000000,0.2606694782,-0.4396916411,0.2606694782,-0.7003611192,0.0000000000,361.832881
58,15900.000000,0.2363686456,-0.4572163013,0.2363686456,-0.6935849469,0.0000000000,414.169522
59,16000.000000,0.2168212621,-0.4556228002,0.2168212621,-0.6724440623,0.0000000000,398.818588
60,16100.000000,0.2386608343,-0.4639963415,0.2386608343,-0.7026571758,0.0000000000,379.101595
61,16200.000000,0.2302699089,-0.4442231791,0.2302699089,-0.6744930880,0.0000000000,409.167570
62,16300.000000,0.2564513051,-0.4468037235,0.2564513051,-0.7032550286,0.0000000000,400.377783
63,16400.000000,0.2476172993,-0.4281508407,0.2476172993,-0.6757681400,0.0000000000,399.879623
64,16500.000000,0.2322612585,-0.4622430422,0.2322612585,-0.6945043007,0.0000000000,396.161790
65,16600.000000,0.2328669045,-0.4792113861,0.2328669045,-0.7120782906,0.0000000000,379.471495
66,16700.000000,0.2099606792,-0.4885627760,0.2099606792,-0.6985234552,0.0000000000,422.226438
67,16800.000000,0.2286644293,-0.4490343534,0.2286644293,-0.6776987827,0.0000000000,404.751084
68,16900.000000,0.2612674952,-0.4213938505,0.2612674952,-0.6826613457,0.0000000000,375.827658
69,17000.000000,0.2466786173,-0.4662121359,0.2466786173,-0.7128907531,0.0000000000,372.158686
70,17100.000000,0.2209669843,-0.4620810608,0.2209669843,-0.6830480450,0.0000000000,398.170519
71,17200.000000,0.2068409378,-0.4735474707,0.2068409378,-0.6803884084,0.0000000000,373.658958
72,17300.000000,0.2439443565,-0.4304950489,0.2439443565,-0.6744394054,0.0000000000,391.030287
73,17400.000000,0.2310949388,-0.4494237376,0.2310949388,-0.6805186764,0.0000000000,407.771909
74,17500.000000,0.2833154350,-0.4367489113,0.2833154350,-0.7200643463,0.0000000000,361.283708
75,17600.000000,0.2627045983,-0.4323792468,0.2627045983,-0.6950838450,0.0000000000,397.509686
76,17700.000000,0.2282099925,-0.4405430744,0.2282099925,-0.6687530669,0.0000000000,413.082137
77,17800.000000,0.2372182791,-0.4700328218,0.2372182791,-0.7072511009,0.0000000000,374.254369
78,17900.000000,0.2279134021,-0.4794715638,0.2279134021,-0.7073849658,0.0000000000,379.596936
79,18000.000000,0.2398194290,-0.4575438875,0.2398194290,-0.6973633165,0.0000000000,420.861159
80,18100.000000,0.2373620280,-0.4340910962,0.2373620280,-0.6714531242,0.0000000000,407.796653
81,18200.000000,0.2464110851,-0.4669618193,0.2464110851,-0.7133729045,0.0000000000,398.083721
82,18300.000000,0.2508766664,-0.4475965105,0.2508766664,-0.6984731769,0.0000000000,386.958958
83,18400.000000,0.2371391160,-0.4294756437,0.2371391160,-0.6666147597,0.0000000000,398.989248
84,18500.000000,0.2370512040,-0.4262618483,0.2370512040,-0.6633130523,0.0000000000,396.460749
85,18600.000000,0.2186197188,-0.4938483252,0.2186197188,-0.7124680440,0.0000000000,396.645816
86,18700.000000,0.2266460018,-0.4932647983,0.2266460018,-0.7199108000,0.0000000000,392.527506
87,18800.000000,0.2311056516,-0.4484507882,0.2311056516,-0.6795564398,0.0000000000,405.151483
88,18900.000000,0.2363418507,-0.4316583948,0.2363418507,-0.6680002456,0.0000000000,411.890611
89,19000.000000,0.2090392793,-0.5127911359,0.2090392793,-0.7218304152,0.0000000000,390.947091
90,19100.000000,0.2070033881,-0.4317485098,0.2070033881,-0.6387518979,0.0000000000,416.252128
91,19200.000000,0.2078667886,-0.4771615367,0.2078667886,-0.6850283253,0.0000000000,390.524180
92,19300.000000,0.2189178691,-0.4769579061,0.2189178691,-0.6958757752,0.0000000000,392.334843
93,19400.000000,0.2123226453,-0.4494143778,0.2123226453,-0.6617370231,0.0000000000,407.891673
94,19500.000000,0.1686999597,-0.5270729964,0.1686999597,-0.6957729561,0.0000000000,411.974786
95,19600.000000,0.2174324840,-0.4215639688,0.2174324840,-0.6389964528,0.0000000000,385.076962
96,19700.000000,0.1911748414,-0.4788343553,0.1911748414,-0.6700091967,0.0000000000,414.854902
97,19800.000000,0.2140130439,-0.4576749375,0.2140130439,-0.6716879814,0.0000000000,394.693152
98,19900.000000,0.2182008584,-0.4263547534,0.2182008584,-0.6445556118,0.0000000000,363.048603
99,20000.000000,0.1969323897,-0.4425653119,0.1969323897,-0.6394977016,0.0000000000,387.173702
100,20100.000000,0.2131857272,-0.4406256521,0.2131857272,-0.6538113793,0.0000000000,396.516735
101,20200.000000,0.2046610929,-0.4576898971,0.2046610929,-0.6623509900,0.0000000000,403.286674
102,20300.000000,0.2303406314,-0.4813029759,0.2303406314,-0.7116436072,0.0000000000,375.025412
103,20400.000000,0.2166808178,-0.4429369947,0.2166808178,-0.6596178125,0.0000000000,400.764205
104,20500.000000,0.2018672623,-0.4793038962,0.2018672623,-0.6811711585,0.0000000000,425.170762
105,20600.000000,0.1821440022,-0.4959492849,0.1821440022,-0.6780932871,0.0000000000,392.359586
106,20700.000000,0.2490726129,-0.4390363571,0.2490726129,-0.6881089700,0.0000000000,399.345053
107,20800.000000,0.2512850689,-0.4331164510,0.2512850689,-0.6844015199,0.0000000000,407.765489
108,20900.000000,0.2264928026,-0.4532283199,0.2264928026,-0.6797211225,0.0000000000,403.925230
109,21000.000000,0.2092827792,-0.5103339624,0.2092827792,-0.7196167415,0.0000000000,404.356910
110,21100.000000,0.2426776278,-0.4511899124,0.2426776278,-0.6938675403,0.0000000000,402.218083
111,21200.000000,0.2135697118,-0.4659031405,0.2135697118,-0.6794728523,0.0000000000,396.200393
112,21300.000000,0.2443255700,-0.4328183622,0.2443255700,-0.6771439322,0.0000000000,384.401213
113,21400.000000,0.2470712515,-0.4594246454,0.2470712515,-0.7064958969,0.0000000000,386.934880
114,21500.000000,0.2481826356,-0.4148062684,0.2481826356,-0.6629889040,0.0000000000,373.603990
115,21600.000000,0.2299369134,-0.4678857228,0.2299369134,-0.6978226362,0.0000000000,417.585695
116,21700.000000,0.2392089120,-0.4445823106,0.2392089120,-0.6837912226,0.0000000000,376.859839
117,21800.000000,0.2113002744,-0.4758885999,0.2113002744,-0.6871888744,0.0000000000,433.380642
118,21900.000000,0.2810779143,-0.4111433268,0.2810779143,-0.6922212411,0.0000000000,398.231790
119,22000.000000,0.2254162778,-0.4321499514,0.2254162778,-0.6575662292,0.0000000000,412.564207
120,22100.000000,0.2238693020,-0.4939073008,0.2238693020,-0.7177766028,0.0000000000,409.978429
121,22200.000000,0.2470303455,-0.4687491636,0.2470303455,-0.7157795091,0.0000000000,377.042753
122,22300.000000,0.2523409636,-0.4541864255,0.2523409636,-0.7065273891,0.0000000000,378.655742
123,22400.000000,0.2538065342,-0.4156966339,0.2538065342,-0.6695031681,0.0000000000,397.395287
124,22500.000000,0.2539966509,-0.4483904904,0.2539966509,-0.7023871413,0.0000000000,400.887883
125,22600.000000,0.2369090673,-0.4983953300,0.2369090673,-0.7353043974,0.0000000000,402.058346
126,22700.000000,0.2582203909,-0.4681464483,0.2582203909,-0.7263668392,0.0000000000,377.916764
127,22800.000000,0.2399208248,-0.4457363241,0.2399208248,-0.6856571489,0.0000000000,382.431284
128,22900.000000,0.2574540294,-0.4517119171,0.2574540294,-0.7091659465,0.0000000000,367.145967
129,23000.000000,0.2663644650,-0.4477766891,0.2663644650,-0.7141411541,0.0000000000,396.582783
130,23100.000000,0.2312778361,-0.4848064248,0.2312778361,-0.7160842609,0.0000000000,411.021025
131,23200.000000,0.2323296822,-0.4739744188,0.2323296822,-0.7063041009,0.0000000000,415.873693
132,23300.000000,0.2927054687,-0.3764606183,0.2927054687,-0.6691660870,0.0000000000,366.741888
133,23400.000000,0.2550681190,-0.4460617254,0.2550681190,-0.7011298444,0.0000000000,379.276209
134,23500.000000,0.2633718734,-0.4297154412,0.2633718734,-0.6930873146,0.0000000000,431.549268
135,23600.000000,0.2320596106,-0.4685552070,0.2320596106,-0.7006148176,0.0000000000,375.093143
136,23700.000000,0.2544959120,-0.4524580782,0.2544959120,-0.7069539903,0.0000000000,418.295975
137,23800.000000,0.2278352723,-0.4912789709,0.2278352723,-0.7191142432,0.0000000000,395.105101
138,23900.000000,0.2201151515,-0.4718969558,0.2201151515,-0.6920121074,0.0000000000,417.465892
139,24000.000000,0.2304942892,-0.4315367085,0.2304942892,-0.6620309976,0.0000000000,416.090630
140,24100.000000,0.2435409218,-0.4330517001,0.2435409218,-0.6765926219,0.0000000000,388.222954
141,24200.000000,0.2484737439,-0.4798521017,0.2484737439,-0.7283258456,0.0000000000,382.795076
142,24300.000000,0.2984466711,-0.3547121712,0.2984466711,-0.6531588423,0.0000000000,396.954914
143,24400.000000,0.2234299714,-0.4492207223,0.2234299714,-0.6726506937,0.0000000000,400.460979
144,24500.000000,0.2383483739,-0.4579961946,0.2383483739,-0.6963445684,0.0000000000,398.056863
145,24600.000000,0.1922823010,-0.4861853591,0.1922823010,-0.6784676601,0.0000000000,397.628393
146,24700.000000,0.2218317361,-0.4672337401,0.2218317361,-0.6890654762,0.0000000000,389.688773
147,24800.000000,0.2435320339,-0.4785347841,0.2435320339,-0.7220668180,0.0000000000,402.033524
148,24900.000000,0.2743465565,-0.4322693491,0.2743465565,-0.7066159056,0.0000000000,371.057324
149,25000.000000,0.2649609097,-0.4214883129,0.2649609097,-0.6864492226,0.0000000000,418.792803
150,25100.000000,0.2673035246,-0.4032897400,0.2673035246,-0.6705932646,0.0000000000,396.795726
151,25200.000000,0.2363665132,-0.4766034866,0.2363665132,-0.7129699998,0.0000000000,402.510542
152,25300.000000,0.2228031425,-0.4930290905,0.2228031425,-0.7158322330,0.0000000000,407.270618
153,25400.000000,0.2497675378,-0.4312129345,0.2497675378,-0.6809804724,0.0000000000,378.260942
154,25500.000000,0.2266925625,-0.4402133490,0.2266925625,-0.6669059115,0.0000000000,380.724489
155,25600.000000,0.2442163924,-0.4479229816,0.2442163924,-0.6921393740,0.0000000000,410.696383
156,25700.000000,0.2509084088,-0.4273271611,0.2509084088,-0.6782355699,0.0000000000,390.525276
157,25800.000000,0.2485926328,-0.4338875713,0.2485926328,-0.6824802041,0.0000000000,412.694698
158,25900.000000,0.2363958340,-0.4660589709,0.2363958340,-0.7024548049,0.0000000000,405.704258
159,26000.000000,0.2092946416,-0.4815285366,0.2092946416,-0.6908231781,0.0000000000,382.276402
160,26100.000000,0.2760046695,-0.4264589452,0.2760046695,-0.7024636148,0.0000000000,400.348889
161,26200.000000,0.2826801448,-0.4047629639,0.2826801448,-0.6874431087,0.0000000000,374.857962
162,26300.000000,0.2394725480,-0.4875676430,0.2394725480,-0.7270401910,0.0000000000,397.713899
163,26400.000000,0.3193822871,-0.3511728350,0.3193822871,-0.6705551221,0.0000000000,416.221747
164,26500.000000,0.2939591878,-0.3913532225,0.2939591878,-0.6853124103,0.0000000000,378.528970
165,26600.000000,0.2706351038,-0.4253714188,0.2706351038,-0.6960065226,0.0000000000,418.793704
166,26700.000000,0.2501431572,-0.4592160716,0.2501431572,-0.7093592287,0.0000000000,403.608849
167,26800.000000,0.3136025524,-0.3768561682,0.3136025524,-0.6904587206,0.0000000000,381.988719
168,26900.000000,0.2595646869,-0.4590313687,0.2595646869,-0.7185960556,0.0000000000,400.889919
169,27000.000000,0.2806214279,-0.4323438180,0.2806214279,-0.7129652459,0.0000000000,400.027184
170,27100.000000,0.2373042758,-0.4631496955,0.2373042758,-0.7004539713,0.0000000000,401.886081
171,27200.000000,0.2339630622,-0.4635551755,0.2339630622,-0.6975182377,0.0000000000,407.283929
172,27300.000000,0.2987511166,-0.3945597754,0.2987511166,-0.6933108920,0.0000000000,375.248965
173,27400.000000,0.2732920759,-0.4120082544,0.2732920759,-0.6853003303,0.0000000000,382.840531
174,27500.000000,0.2659382553,-0.4317456442,0.2659382553,-0.6976838995,0.0000000000,397.013171
175,27600.000000,0.2459371167,-0.4714028670,0.2459371167,-0.7173399837,0.0000000000,396.208654
176,27700.000000,0.2726932624,-0.4266961436,0.2726932624,-0.6993894060,0.0000000000,388.151816
177,27800.000000,0.2828384958,-0.4181841055,0.2828384958,-0.7010226013,0.0000000000,418.201856
178,27900.000000,0.2934021132,-0.4398341709,0.2934021132,-0.7332362842,0.0000000000,388.766137
179,28000.000000,0.2714978132,-0.4436837002,0.2714978132,-0.7151815133,0.0000000000,382.005084
180,28100.000000,0.2838139225,-0.3796293207,0.2838139225,-0.6634432432,0.0000000000,382.502578
181,28200.000000,0.2894775155,-0.4640659514,0.2894775155,-0.7535434670,0.0000000000,391.393414
182,28300.000000,0.2730055754,-0.4132542677,0.2730055754,-0.6862598431,0.0000000000,389.572572
183,28400.000000,0.2522271661,-0.4489979008,0.2522271661,-0.7012250669,0.0000000000,400.292002
184,28500.000000,0.2952836494,-0.4203442319,0.2952836494,-0.7156278813,0.0000000000,378.777502
185,28600.000000,0.2944506346,-0.4336709167,0.2944506346,-0.7281215514,0.0000000000,359.907701
186,28700.000000,0.2574201874,-0.4583038605,0.2574201874,-0.7157240480,0.0000000000,416.756787
187,28800.000000,0.2781814513,-0.4376631113,0.2781814513,-0.7158445626,0.0000000000,367.579175
188,28900.000000,0.2889944318,-0.3730750221,0.2889944318,-0.6620694538,0.0000000000,408.687812
189,29000.000000,0.2615816770,-0.4657963582,0.2615816770,-0.7273780352,0.0000000000,396.071899
190,29100.000000,0.2897029886,-0.4156861745,0.2897029886,-0.7053891632,0.0000000000,380.989621
191,29200.000000,0.2575211584,-0.4590205710,0.2575211584,-0.7165417294,0.0000000000,402.744979
192,29300.000000,0.2452404580,-0.5022665086,0.2452404580,-0.7475069666,0.0000000000,398.098246
193,29400.000000,0.3179248675,-0.3673584320,0.3179248675,-0.6852832996,0.0000000000,400.020842
194,29500.000000,0.2754368075,-0.4249633163,0.2754368075,-0.7004001238,0.0000000000,394.902728
195,29600.000000,0.2359134629,-0.4763869507,0.2359134629,-0.7123004136,0.0000000000,439.975889
196,29700.000000,0.2470587366,-0.4602849778,0.2470587366,-0.7073437143,0.0000000000,400.436314
197,29800.000000,0.2544335584,-0.4929594357,0.2544335584,-0.7473929941,0.0000000000,381.507943
198,29900.000000,0.2820279991,-0.4241985601,0.2820279991,-0.7062265592,0.0000000000,403.328331
199,30000.000000,0.2565538294,-0.4574866613,0.2565538294,-0.7140404907,0.0000000000,380.893152
200,30100.000000,0.2628209572,-0.4560573675,0.2628209572,-0.7188783246,0.0000000000,403.079761
201,30200.000000,0.2636794790,-0.4062479026,0.2636794790,-0.6699273816,0.0000000000,392.349172
202,30300.000000,0.2680258510,-0.4314782494,0.2680258510,-0.6995041004,0.0000000000,398.696906
203,30400.000000,0.2601972322,-0.4433547885,0.2601972322,-0.7035520208,0.0000000000,403.333460
204,30500.000000,0.2322313762,-0.4782974527,0.2322313762,-0.7105288289,0.0000000000,394.590772
205,30600.000000,0.2605323076,-0.4342036236,0.2605323076,-0.6947359312,0.0000000000,394.181603
206,30700.000000,0.2554188246,-0.4838122610,0.2554188246,-0.7392310856,0.0000000000,434.017357
207,30800.000000,0.2415177010,-0.4710973393,0.2415177010,-0.7126150403,0.0000000000,397.508825
208,30900.000000,0.3093050643,-0.3693716698,0.3093050643,-0.6786767341,0.0000000000,376.447108
209,31000.000000,0.2394459389,-0.4796841999,0.2394459389,-0.7191301388,0.0000000000,421.008446
210,31100.000000,0.3082030321,-0.3704922024,0.3082030321,-0.6786952344,0.0000000000,379.781651
211,31200.000000,0.2667064000,-0.4428134094,0.2667064000,-0.7095198094,0.0000000000,402.876605
212,31300.000000,0.2490328762,-0.4448334502,0.2490328762,-0.6938663264,0.0000000000,387.767312
213,31400.000000,0.2763241353,-0.4034147261,0.2763241353,-0.6797388613,0.0000000000,433.547544
214,31500.000000,0.2748608548,-0.4055235934,0.2748608548,-0.6803844482,0.0000000000,380.077085
215,31600.000000,0.3245776031,-0.3710665422,0.3245776031,-0.6956441453,0.0000000000,373.731740
216,31700.000000,0.2764391860,-0.4332688056,0.2764391860,-0.7097079915,0.0000000000,390.193588
217,31800.000000,0.2873916533,-0.4072788329,0.2873916533,-0.6946704863,0.0000000000,414.463155
218,31900.000000,0.2370530206,-0.4717748180,0.2370530206,-0.7088278386,0.0000000000,424.201927
219,32000.000000,0.2246720283,-0.4850618283,0.2246720283,-0.7097338567,0.0000000000,420.344990
220,32100.000000,0.2531909075,-0.4198706905,0.2531909075,-0.6730615980,0.0000000000,379.331217
221,32200.000000,0.2289106621,-0.4976411300,0.2289106621,-0.7265517921,0.0000000000,387.233447
222,32300.000000,0.2804706820,-0.3982783901,0.2804706820,-0.6787490721,0.0000000000,395.957539
223,32400.000000,0.2982663298,-0.3579339362,0.2982663298,-0.6562002660,0.0000000000,401.980827
224,32500.000000,0.2764532627,-0.3942236263,0.2764532627,-0.6706768890,0.0000000000,381.757101
225,32600.000000,0.2782573406,-0.4523647608,0.2782573406,-0.7306221014,0.0000000000,396.121386
226,32700.000000,0.2610833434,-0.4599012008,0.2610833434,-0.7209845442,0.0000000000,376.951492
227,32800.000000,0.2667348930,-0.4524108810,0.2667348930,-0.7191457740,0.0000000000,398.123420
228,32900.000000,0.2612132601,-0.4502338638,0.2612132601,-0.7114471239,0.0000000000,394.548371
229,33000.000000,0.2584990619,-0.4826628880,0.2584990619,-0.7411619500,0.0000000000,362.351556
230,33100.000000,0.2482263134,-0.4286437784,0.2482263134,-0.6768700918,0.0000000000,367.252419
231,33200.000000,0.2281353430,-0.4513149254,0.2281353430,-0.6794502684,0.0000000000,421.739554
232,33300.000000,0.2700760035,-0.4210070244,0.2700760035,-0.6910830279,0.0000000000,389.160193
233,33400.000000,0.2547206931,-0.4299784766,0.2547206931,-0.6846991697,0.0000000000,391.126560
234,33500.000000,0.2441058986,-0.4932576857,0.2441058986,-0.7373635843,0.0000000000,417.279533
235,33600.000000,0.2625606033,-0.4435604825,0.2625606033,-0.7061210858,0.0000000000,395.262175
236,33700.000000,0.2543826075,-0.4497229264,0.2543826075,-0.7041055338,0.0000000000,414.171009
237,33800.000000,0.2626322245,-0.4631589526,0.2626322245,-0.7257911771,0.0000000000,390.283048
238,33900.000000,0.2599136780,-0.4975868989,0.2599136780,-0.7575005769,0.0000000000,417.840647
239,34000.000000,0.2797716288,-0.4445028499,0.2797716288,-0.7242744787,0.0000000000,390.928612
240,34100.000000,0.2835238857,-0.4358840303,0.2835238857,-0.7194079160,0.0000000000,399.761857
241,34200.000000,0.2713263895,-0.4497190226,0.2713263895,-0.7210454122,0.0000000000,415.771117
242,34300.000000,0.3184462462,-0.3823919987,0.3184462462,-0.7008382449,0.0000000000,381.767280
243,34400.000000,0.2668817258,-0.4478959960,0.2668817258,-0.7147777218,0.0000000000,424.571123
244,34500.000000,0.3178236997,-0.3666290895,0.3178236997,-0.6844527892,0.0000000000,417.675821
245,34600.000000,0.2862979291,-0.3878785614,0.2862979291,-0.6741764905,0.0000000000,361.754618
246,34700.000000,0.3215067000,-0.3621487462,0.3215067000,-0.6836554462,0.0000000000,394.848582
247,34800.000000,0.3207477966,-0.3934321553,0.3207477966,-0.7141799519,0.0000000000,380.235883
248,34900.000000,0.3287445749,-0.3701392470,0.3287445749,-0.6988838220,0.0000000000,438.349746
249,35000.000000,0.3044209859,-0.4315780934,0.3044209859,-0.7359990793,0.0000000000,365.884204
250,35100.000000,0.2446168981,-0.4825851579,0.2446168981,-0.7272020560,0.0000000000,414.930738
251,35200.000000,0.2827642669,-0.4403383861,0.2827642669,-0.7231026531,0.0000000000,400.955458
252,35300.000000,0.2887744970,-0.4583994291,0.2887744970,-0.7471739261,0.0000000000,376.960105
253,35400.000000,0.2815949939,-0.4170872633,0.2815949939,-0.6986822572,0.0000000000,411.357999
254,35500.000000,0.2755839405,-0.4176992113,0.2755839405,-0.6932831518,0.0000000000,390.416280
255,35600.000000,0.3047844257,-0.3890283227,0.3047844257,-0.6938127485,0.0000000000,401.546875
256,35700.000000,0.3187463226,-0.3805582867,0.3187463226,-0.6993046093,0.0000000000,399.776421
257,35800.000000,0.3058501396,-0.4078951437,0.3058501396,-0.7137452833,0.0000000000,398.083525
258,35900.000000,0.2955001998,-0.3926463058,0.2955001998,-0.6881465056,0.0000000000,413.726722
259,36000.000000,0.2551970448,-0.5048684129,0.2551970448,-0.7600654577,0.0000000000,394.370155
260,36100.000000,0.3320597634,-0.4234484244,0.3320597634,-0.7555081878,0.0000000000,395.305554
261,36200.000000,0.2727875350,-0.4560728527,0.2727875350,-0.7288603877,0.0000000000,389.368360
262,36300.000000,0.3094651273,-0.4264325968,0.3094651273,-0.7358977241,0.0000000000,399.510036
263,36400.000000,0.2834909447,-0.4370506133,0.2834909447,-0.7205415579,0.0000000000,380.859639
264,36500.000000,0.3220523387,-0.3720619202,0.3220523387,-0.6941142589,0.0000000000,386.152327
265,36600.000000,0.3034269415,-0.4397880868,0.3034269415,-0.7432150283,0.0000000000,394.627143
266,36700.000000,0.2574486900,-0.4733419338,0.2574486900,-0.7307906238,0.0000000000,422.972111
267,36800.000000,0.3282453433,-0.4080000246,0.3282453433,-0.7362453679,0.0000000000,387.304937
268,36900.000000,0.2974590681,-0.4623044929,0.2974590681,-0.7597635610,0.0000000000,395.230541
269,37000.000000,0.2868961427,-0.4186597935,0.2868961427,-0.7055559362,0.0000000000,428.181094
270,37100.000000,0.2930491705,-0.4373802979,0.2930491705,-0.7304294683,0.0000000000,415.721865
271,37200.000000,0.2921711756,-0.4316535531,0.2921711756,-0.7238247287,0.0000000000,389.604402
272,37300.000000,0.3025256336,-0.4357432324,0.3025256336,-0.7382688660,0.0000000000,403.393949
273,37400.000000,0.3017394030,-0.4109648007,0.3017394030,-0.7127042037,0.0000000000,405.110414
274,37500.000000,0.2736096273,-0.4140959026,0.2736096273,-0.6877055299,0.0000000000,390.433036
275,37600.000000,0.2988576055,-0.4321757470,0.2988576055,-0.7310333525,0.0000000000,413.868723
276,37700.000000,0.2626071646,-0.4964838770,0.2626071646,-0.7590910416,0.0000000000,406.397312
277,37800.000000,0.2887740333,-0.4335643070,0.2887740333,-0.7223383403,0.0000000000,414.219126
278,37900.000000,0.3182787833,-0.4490009846,0.3182787833,-0.7672797679,0.0000000000,363.666291
279,38000.000000,0.3176030855,-0.3919018618,0.3176030855,-0.7095049473,0.0000000000,391.796945
280,38100.000000,0.3173956917,-0.4142290587,0.3173956917,-0.7316247504,0.0000000000,384.875804
281,38200.000000,0.2743341299,-0.4395928599,0.2743341299,-0.7139269898,0.0000000000,414.475214
282,38300.000000,0.2373796001,-0.4763983454,0.2373796001,-0.7137779455,0.0000000000,403.639466
283,38400.000000,0.2521467021,-0.4299292669,0.2521467021,-0.6820759690,0.0000000000,395.860718
284,38500.000000,0.2552818885,-0.4662192983,0.2552818885,-0.7215011868,0.0000000000,403.228496
285,38600.000000,0.2699279433,-0.4463585968,0.2699279433,-0.7162865400,0.0000000000,381.575479
286,38700.000000,0.2995787863,-0.3941648476,0.2995787863,-0.6937436338,0.0000000000,420.996466
287,38800.000000,0.2684157588,-0.4323650850,0.2684157588,-0.7007808438,0.0000000000,378.779381
288,38900.000000,0.2704798605,-0.4590295898,0.2704798605,-0.7295094504,0.0000000000,393.321883
289,39000.000000,0.2595691627,-0.4496651322,0.2595691627,-0.7092342948,0.0000000000,423.913892
290,39100.000000,0.3192999752,-0.4028601735,0.3192999752,-0.7221601487,0.0000000000,380.475488
291,39200.000000,0.2527734137,-0.4922570347,0.2527734137,-0.7450304484,0.0000000000,375.795123
292,39300.000000,0.2729864960,-0.4330184827,0.2729864960,-0.7060049787,0.0000000000,429.240329
293,39400.000000,0.3140817934,-0.4025922381,0.3140817934,-0.7166740315,0.0000000000,389.158314
294,39500.000000,0.3019108499,-0.4219834582,0.3019108499,-0.7238943081,0.0000000000,423.851368
295,39600.000000,0.3213023972,-0.4383182951,0.3213023972,-0.7596206923,0.0000000000,416.613180
296,39700.000000,0.2658233633,-0.4700427736,0.2658233633,-0.7358661369,0.0000000000,375.619726
297,39800.000000,0.2690247449,-0.4379392542,0.2690247449,-0.7069639991,0.0000000000,385.550574
298,39900.000000,0.2818510079,-0.4252179688,0.2818510079,-0.7070689767,0.0000000000,377.064130
299,40000.000000,0.3163604296,-0.4065853158,0.3163604296,-0.7229457454,0.0000000000,379.642586
300,40100.000000,0.2934962517,-0.4100912859,0.2934962517,-0.7035875376,0.0000000000,386.236894
301,40200.000000,0.2709296887,-0.4345833554,0.2709296887,-0.7055130441,0.0000000000,392.903514
302,40300.000000,0.2628238960,-0.4293062874,0.2628238960,-0.6921301833,0.0000000000,424.572376
303,40400.000000,0.2577963867,-0.4356510659,0.2577963867,-0.6934474526,0.0000000000,377.822605
304,40500.000000,0.2602855929,-0.4665984799,0.2602855929,-0.7268840729,0.0000000000,401.467085
305,40600.000000,0.2796608093,-0.4193203363,0.2796608093,-0.6989811456,0.0000000000,384.136199
306,40700.000000,0.2835217259,-0.4038094434,0.2835217259,-0.6873311693,0.0000000000,378.629471
307,40800.000000,0.2768142315,-0.4322378577,0.2768142315,-0.7090520892,0.0000000000,402.995703
308,40900.000000,0.2744092972,-0.4300437924,0.2744092972,-0.7044530896,0.0000000000,392.122879
309,41000.000000,0.2903868107,-0.4252923483,0.2903868107,-0.7156791589,0.0000000000,382.707965
310,41100.000000,0.3101826330,-0.3735122700,0.3101826330,-0.6836949030,0.0000000000,403.748697
311,41200.000000,0.2845683996,-0.4551682340,0.2845683996,-0.7397366336,0.0000000000,394.678823
312,41300.000000,0.2911930275,-0.3974776134,0.2911930275,-0.6886706409,0.0000000000,390.403360
313,41400.000000,0.2886936244,-0.4065246929,0.2886936244,-0.6952183174,0.0000000000,393.475394
314,41500.000000,0.2971376682,-0.3937139377,0.2971376682,-0.6908516059,0.0000000000,396.838714
315,41600.000000,0.2586575146,-0.4597899281,0.2586575146,-0.7184474427,0.0000000000,405.167418
316,41700.000000,0.2730095329,-0.4478614062,0.2730095329,-0.7208709391,0.0000000000,396.002758
317,41800.000000,0.2754014640,-0.4605036488,0.2754014640,-0.7359051127,0.0000000000,388.707919
318,41900.000000,0.3121249045,-0.4211202193,0.3121249045,-0.7332451239,0.0000000000,379.240229
319,42000.000000,0.2961051623,-0.4112038878,0.2961051623,-0.7073090501,0.0000000000,381.841980
320,42100.000000,0.2851921032,-0.4402164569,0.2851921032,-0.7254085601,0.0000000000,393.128750
321,42200.000000,0.2909493131,-0.4316232275,0.2909493131,-0.7225725406,0.0000000000,380.611577
322,42300.000000,0.2971890148,-0.4326929267,0.2971890148,-0.7298819415,0.0000000000,394.823604
323,42400.000000,0.3010091730,-0.4035242392,0.3010091730,-0.7045334122,0.0000000000,385.807562
324,42500.000000,0.2666033666,-0.4329124216,0.2666033666,-0.6995157882,0.0000000000,378.229151
325,42600.000000,0.2852510142,-0.4103753839,0.2852510142,-0.6956263981,0.0000000000,397.605724
326,42700.000000,0.2961226170,-0.4241798477,0.2961226170,-0.7203024648,0.0000000000,396.390394
327,42800.000000,0.2704666362,-0.4679799737,0.2704666362,-0.7384466100,0.0000000000,387.342131
328,42900.000000,0.2999905091,-0.3990760710,0.2999905091,-0.6990665801,0.0000000000,408.341520
329,43000.000000,0.2985234053,-0.4206240634,0.2985234053,-0.7191474687,0.0000000000,385.514907
330,43100.000000,0.3062397722,-0.4189424510,0.3062397722,-0.7251822231,0.0000000000,379.862106
331,43200.000000,0.3247796372,-0.3676224142,0.3247796372,-0.6924020514,0.0000000000,383.672532
332,43300.000000,0.2838807993,-0.4583802609,0.2838807993,-0.7422610602,0.0000000000,415.526697
333,43400.000000,0.2664700097,-0.4591450212,0.2664700097,-0.7256150309,0.0000000000,414.850399
334,43500.000000,0.3560683015,-0.3596036940,0.3560683015,-0.7156719955,0.0000000000,393.431193
335,43600.000000,0.3015753176,-0.4306274186,0.3015753176,-0.7322027362,0.0000000000,400.424881
336,43700.000000,0.3198070411,-0.3822868480,0.3198070411,-0.7020938891,0.0000000000,409.231464
337,43800.000000,0.2777254815,-0.5018968242,0.2777254815,-0.7796223057,0.0000000000,411.636755
338,43900.000000,0.3109724601,-0.4092640062,0.3109724601,-0.7202364663,0.0000000000,398.176078
339,44000.000000,0.3575217403,-0.3916554748,0.3575217403,-0.7491772151,0.0000000000,387.851761
340,44100.000000,0.3263028621,-0.3970405451,0.3263028621,-0.7233434072,0.0000000000,399.805236
341,44200.000000,0.3077900744,-0.4423205770,0.3077900744,-0.7501106514,0.0000000000,403.452362
342,44300.000000,0.3187934597,-0.4454953392,0.3187934597,-0.7642887989,0.0000000000,411.667958
343,44400.000000,0.3103476286,-0.4119339591,0.3103476286,-0.7222815877,0.0000000000,410.678335
344,44500.000000,0.3556960404,-0.3563230012,0.3556960404,-0.7120190415,0.0000000000,398.787423
345,44600.000000,0.3201867165,-0.4429956608,0.3201867165,-0.7631823773,0.0000000000,413.453721
346,44700.000000,0.3198650306,-0.4026255529,0.3198650306,-0.7224905834,0.0000000000,372.887289
347,44800.000000,0.3171040950,-0.4259389204,0.3171040950,-0.7430430154,0.0000000000,395.414238
348,44900.000000,0.3119202661,-0.4201867561,0.3119202661,-0.7321070222,0.0000000000,397.721298
349,45000.000000,0.3390374183,-0.3960814085,0.3390374183,-0.7351188268,0.0000000000,388.292838
350,45100.000000,0.2906225176,-0.4536658339,0.2906225176,-0.7442883515,0.0000000000,390.260850
351,45200.000000,0.2809252236,-0.4310780536,0.2809252236,-0.7120032772,0.0000000000,355.043992
352,45300.000000,0.3523138635,-0.3430358573,0.3523138635,-0.6953497208,0.0000000000,362.033022
353,45400.000000,0.2831722952,-0.4462609712,0.2831722952,-0.7294332664,0.0000000000,383.361515
354,45500.000000,0.3050328224,-0.4128441060,0.3050328224,-0.7178769284,0.0000000000,367.071619
355,45600.000000,0.2994546838,-0.4127507897,0.2994546838,-0.7122054735,0.0000000000,385.945217
356,45700.000000,0.2839495805,-0.4329455359,0.2839495805,-0.7168951164,0.0000000000,399.153878
357,45800.000000,0.3034062866,-0.4735034442,0.3034062866,-0.7769097308,0.0000000000,373.363523
358,45900.000000,0.2979640700,-0.4671728733,0.2979640700,-0.7651369433,0.0000000000,422.818169
359,46000.000000,0.3428954127,-0.3883101661,0.3428954127,-0.7312055789,0.0000000000,385.547207
360,46100.000000,0.3465030222,-0.3800764487,0.3465030222,-0.7265794709,0.0000000000,380.001798
361,46200.000000,0.3277806796,-0.3997812274,0.3277806796,-0.7275619070,0.0000000000,390.437734
362,46300.000000,0.3089343083,-0.4357561472,0.3089343083,-0.7446904554,0.0000000000,392.228430
363,46400.000000,0.3098780488,-0.4277664078,0.3098780488,-0.7376444566,0.0000000000,411.598935
364,46500.000000,0.2884312817,-0.4616192008,0.2884312817,-0.7500504825,0.0000000000,395.958517
365,46600.000000,0.3000814287,-0.3943992957,0.3000814287,-0.6944807244,0.0000000000,399.167620
366,46700.000000,0.3159988919,-0.4353999072,0.3159988919,-0.7513987992,0.0000000000,363.519082
367,46800.000000,0.3305931505,-0.4092063658,0.3305931505,-0.7397995163,0.0000000000,390.298591
368,46900.000000,0.2772778029,-0.4390204567,0.2772778029,-0.7162982596,0.0000000000,414.963859
369,47000.000000,0.2789358635,-0.4497195918,0.2789358635,-0.7286554552,0.0000000000,385.162351
370,47100.000000,0.3124581130,-0.4191561450,0.3124581130,-0.7316142580,0.0000000000,374.735928
371,47200.000000,0.3414702420,-0.3612117928,0.3414702420,-0.7026820348,0.0000000000,392.721382
372,47300.000000,0.2885942452,-0.4670201523,0.2885942452,-0.7556143976,0.0000000000,424.464827
373,47400.000000,0.2724665152,-0.4587390456,0.2724665152,-0.7312055609,0.0000000000,396.025857
374,47500.000000,0.3119361729,-0.4180499768,0.3119361729,-0.7299861498,0.0000000000,407.734637
375,47600.000000,0.3056014446,-0.4177038541,0.3056014446,-0.7233052987,0.0000000000,361.695030
376,47700.000000,0.2590160905,-0.4841474505,0.2590160905,-0.7431635410,0.0000000000,400.289614
377,47800.000000,0.2961830536,-0.4516906623,0.2961830536,-0.7478737159,0.0000000000,384.718220
378,47900.000000,0.2997150362,-0.3628885381,0.2997150362,-0.6626035743,0.0000000000,389.560631
379,48000.000000,0.2818954008,-0.4421973582,0.2818954008,-0.7240927590,0.0000000000,415.220848
380,48100.000000,0.2806182199,-0.4420540415,0.2806182199,-0.7226722614,0.0000000000,384.656675
381,48200.000000,0.2608050730,-0.4495685959,0.2608050730,-0.7103736689,0.0000000000,364.060504
382,48300.000000,0.3086988574,-0.3435273413,0.3086988574,-0.6522261987,0.0000000000,399.156619
383,48400.000000,0.2727058118,-0.4525104828,0.2727058118,-0.7252162947,0.0000000000,389.205687
384,48500.000000,0.2866564704,-0.4118395918,0.2866564704,-0.6984960622,0.0000000000,408.210128
385,48600.000000,0.2706456929,-0.4424726630,0.2706456929,-0.7131183559,0.0000000000,417.971256
386,48700.000000,0.2997078983,-0.4156760142,0.2997078983,-0.7153839125,0.0000000000,413.884031
387,48800.000000,0.2710044120,-0.4922792581,0.2710044120,-0.7632836701,0.0000000000,373.503763
388,48900.000000,0.2983840854,-0.4164983771,0.2983840854,-0.7148824625,0.0000000000,412.204564
389,49000.000000,0.2320217813,-0.5047890421,0.2320217813,-0.7368108234,0.0000000000,401.539985
390,49100.000000,0.2599962362,-0.4724646324,0.2599962362,-0.7324608686,0.0000000000,388.721778
391,49200.000000,0.2737633279,-0.4803468241,0.2737633279,-0.7541101521,0.0000000000,381.490990
392,49300.000000,0.2757495620,-0.4232887922,0.2757495620,-0.6990383542,0.0000000000,382.325067
393,49400.000000,0.3054350050,-0.3729972753,0.3054350050,-0.6784322802,0.0000000000,406.866147
394,49500.000000,0.3101743274,-0.3985051719,0.3101743274,-0.7086794994,0.0000000000,384.283916
395,49600.000000,0.2876352385,-0.4556868185,0.2876352385,-0.7433220571,0.0000000000,384.314572
396,49700.000000,0.2726834523,-0.4273080045,0.2726834523,-0.6999914568,0.0000000000,397.295647
397,49800.000000,0.3133425097,-0.3779652098,0.3133425097,-0.6913077195,0.0000000000,402.834870
398,49900.000000,0.2734006347,-0.4300050904,0.2734006347,-0.7034057251,0.0000000000,382.392367
399,50000.000000,0.3238855421,-0.4242660477,0.3238855421,-0.7481515898,0.0000000000,390.445251
400,50100.000000,0.3447779961,-0.3409741203,0.3447779961,-0.6857521165,0.0000000000,397.940349
401,50200.000000,0.3116516336,-0.4530378327,0.3116516336,-0.7646894664,0.0000000000,390.342088
402,50300.000000,0.2810065214,-0.4595704161,0.2810065214,-0.7405769374,0.0000000000,390.324940
403,50400.000000,0.3132123607,-0.3909110590,0.3132123607,-0.7041234197,0.0000000000,384.842173
404,50500.000000,0.3233600581,-0.4154259418,0.3233600581,-0.7387859999,0.0000000000,390.720406
405,50600.000000,0.2897479520,-0.4357897483,0.2897479520,-0.7255377003,0.0000000000,355.546575
406,50700.000000,0.2810020260,-0.4226738636,0.2810020260,-0.7036758896,0.0000000000,404.135981
407,50800.000000,0.3071897732,-0.4143862823,0.3071897732,-0.7215760555,0.0000000000,390.635526
408,50900.000000,0.3085874910,-0.3685527937,0.3085874910,-0.6771402847,0.0000000000,395.777208
409,51000.000000,0.3186582367,-0.4054157977,0.3186582367,-0.7240740345,0.0000000000,390.312842
410,51100.000000,0.3247770726,-0.3792576289,0.3247770726,-0.7040347015,0.0000000000,397.139786
411,51200.000000,0.2542775271,-0.4890020799,0.2542775271,-0.7432796070,0.0000000000,415.692580
412,51300.000000,0.2600931693,-0.4516357938,0.2600931693,-0.7117289631,0.0000000000,415.300990
413,51400.000000,0.3028643651,-0.4278707936,0.3028643651,-0.7307351587,0.0000000000,382.227737
414,51500.000000,0.2836534364,-0.3946014847,0.2836534364,-0.6782549211,0.0000000000,388.062160
415,51600.000000,0.2664599023,-0.4692478891,0.2664599023,-0.7357077914,0.0000000000,396.596251
416,51700.000000,0.2978637901,-0.4430930391,0.2978637901,-0.7409568292,0.0000000000,419.644968
417,51800.000000,0.3518716983,-0.3864760914,0.3518716983,-0.7383477897,0.0000000000,404.622277
418,51900.000000,0.3339281702,-0.3876081967,0.3339281702,-0.7215363670,0.0000000000,389.831283
419,52000.000000,0.2981276453,-0.4605397758,0.2981276453,-0.7586674212,0.0000000000,396.886791
420,52100.000000,0.3142449728,-0.4295748781,0.3142449728,-0.7438198509,0.0000000000,390.895881
421,52200.000000,0.3499666251,-0.3903399170,0.3499666251,-0.7403065421,0.0000000000,373.873506
422,52300.000000,0.3162635448,-0.4095103247,0.3162635448,-0.7257738695,0.0000000000,393.544457
423,52400.000000,0.3063435004,-0.4442559231,0.3063435004,-0.7505994234,0.0000000000,395.163044
424,52500.000000,0.3498094083,-0.3660457115,0.3498094083,-0.7158551198,0.0000000000,390.909428
425,52600.000000,0.3484135058,-0.3773698072,0.3484135058,-0.7257833129,0.0000000000,397.673416
426,52700.000000,0.2914279801,-0.4234116321,0.2914279801,-0.7148396122,0.0000000000,401.671807
427,52800.000000,0.3024234933,-0.4409298424,0.3024234933,-0.7433533357,0.0000000000,373.181470
428,52900.000000,0.3545068305,-0.3872554247,0.3545068305,-0.7417622552,0.0000000000,416.262699
429,53000.000000,0.3206536277,-0.4252571284,0.3206536277,-0.7459107561,0.0000000000,410.415787
430,53100.000000,0.3032542235,-0.4520837240,0.3032542235,-0.7553379476,0.0000000000,414.876043
431,53200.000000,0.3576494828,-0.3798655809,0.3576494828,-0.7375150637,0.0000000000,383.783330
432,53300.000000,0.3447446561,-0.4058779399,0.3447446561,-0.7506225960,0.0000000000,377.043145
433,53400.000000,0.3456939460,-0.4077318994,0.3456939460,-0.7534258454,0.0000000000,409.781186
434,53500.000000,0.3040226679,-0.4365789975,0.3040226679,-0.7406016654,0.0000000000,381.608796
435,53600.000000,0.3255172812,-0.4217922379,0.3255172812,-0.7473095191,0.0000000000,409.350484
436,53700.000000,0.3712955121,-0.3890208342,0.3712955121,-0.7603163463,0.0000000000,391.267152
437,53800.000000,0.3221193063,-0.4201218480,0.3221193063,-0.7422411543,0.0000000000,400.423511
438,53900.000000,0.3234773015,-0.3939679825,0.3234773015,-0.7174452841,0.0000000000,423.353992
439,54000.000000,0.2733058886,-0.4701418474,0.2733058886,-0.7434477361,0.0000000000,405.382671
440,54100.000000,0.3138918981,-0.4282226289,0.3138918981,-0.7421145269,0.0000000000,405.612253
441,54200.000000,0.3641541905,-0.3793295835,0.3641541905,-0.7434837740,0.0000000000,378.638163
442,54300.000000,0.3726489676,-0.3594590040,0.3726489676,-0.7321079715,0.0000000000,401.365527
443,54400.000000,0.2962168220,-0.4432251406,0.2962168220,-0.7394419626,0.0000000000,399.757119
444,54500.000000,0.3429547164,-0.3881436583,0.3429547164,-0.7310983747,0.0000000000,369.001849
445,54600.000000,0.3189509748,-0.4073316084,0.3189509748,-0.7262825832,0.0000000000,386.752828
446,54700.000000,0.3569026619,-0.3824110672,0.3569026619,-0.7393137292,0.0000000000,371.393359
447,54800.000000,0.3278658434,-0.4213834973,0.3278658434,-0.7492493406,0.0000000000,363.047585
448,54900.000000,0.3397845858,-0.3616970908,0.3397845858,-0.7014816766,0.0000000000,393.075426
449,55000.000000,0.3161667938,-0.4466633380,0.3161667938,-0.7628301318,0.0000000000,400.772700
450,55100.000000,0.2958374642,-0.4321007327,0.2958374642,-0.7279381970,0.0000000000,393.053736
451,55200.000000,0.3616279640,-0.3641572509,0.3616279640,-0.7257852148,0.0000000000,429.964234
452,55300.000000,0.3328693528,-0.3930822003,0.3328693528,-0.7259515532,0.0000000000,398.262837
453,55400.000000,0.3381968666,-0.4311678688,0.3381968666,-0.7693647354,0.0000000000,389.491059
454,55500.000000,0.3034683786,-0.4293055594,0.3034683786,-0.7327739381,0.0000000000,380.894914
455,55600.000000,0.3187221744,-0.4200273332,0.3187221744,-0.7387495076,0.0000000000,408.645450
456,55700.000000,0.3563041199,-0.3540228334,0.3563041199,-0.7103269532,0.0000000000,387.850039
457,55800.000000,0.3026112418,-0.4635972862,0.3026112418,-0.7662085280,0.0000000000,387.434371
458,55900.000000,0.3102371304,-0.4041700283,0.3102371304,-0.7144071587,0.0000000000,385.468043
459,56000.000000,0.2993254620,-0.4461991743,0.2993254620,-0.7455246363,0.0000000000,392.094494
460,56100.000000,0.2961241861,-0.4068900289,0.2961241861,-0.7030142150,0.0000000000,399.374926
461,56200.000000,0.3263391227,-0.4005546555,0.3263391227,-0.7268937782,0.0000000000,382.531393
462,56300.000000,0.3059061815,-0.4080884409,0.3059061815,-0.7139946224,0.0000000000,395.731049
463,56400.000000,0.2823258166,-0.3895411871,0.2823258166,-0.6718670037,0.0000000000,387.993371
464,56500.000000,0.3053210341,-0.4045060812,0.3053210341,-0.7098271153,0.0000000000,394.251566
465,56600.000000,0.2705629927,-0.4142717229,0.2705629927,-0.6848347156,0.0000000000,400.448920
466,56700.000000,0.3138954104,-0.4015742916,0.3138954104,-0.7154697020,0.0000000000,384.897337
467,56800.000000,0.3029944522,-0.4134562718,0.3029944522,-0.7164507240,0.0000000000,395.015992
468,56900.000000,0.3415996559,-0.3678902151,0.3415996559,-0.7094898710,0.0000000000,398.038853
469,57000.000000,0.3147839479,-0.4139402773,0.3147839479,-0.7287242251,0.0000000000,390.065329
470,57100.000000,0.3083700760,-0.4625527381,0.3083700760,-0.7709228141,0.0000000000,387.646492
471,57200.000000,0.3284167086,-0.3951143392,0.3284167086,-0.7235310477,0.0000000000,404.409216
472,57300.000000,0.3232900983,-0.4336235485,0.3232900983,-0.7569136467,0.0000000000,406.745366
473,57400.000000,0.3287591799,-0.3941448054,0.3287591799,-0.7229039853,0.0000000000,406.920215
474,57500.000000,0.3133621951,-0.4412787643,0.3133621951,-0.7546409594,0.0000000000,370.163856
475,57600.000000,0.3189471473,-0.4437808274,0.3189471473,-0.7627279747,0.0000000000,401.560852
476,57700.000000,0.3315013064,-0.4236692527,0.3315013064,-0.7551705591,0.0000000000,388.960170
477,57800.000000,0.3243629043,-0.4118085799,0.3243629043,-0.7361714842,0.0000000000,385.112316
478,57900.000000,0.2960260882,-0.4638491842,0.2960260882,-0.7598752724,0.0000000000,409.072981
479,58000.000000,0.3243630325,-0.4181655867,0.3243630325,-0.7425286192,0.0000000000,388.470859
480,58100.000000,0.3289802337,-0.3855290517,0.3289802337,-0.7145092854,0.0000000000,386.358145
481,58200.000000,0.3484615504,-0.3973549981,0.3484615504,-0.7458165485,0.0000000000,399.184612
482,58300.000000,0.3702673820,-0.3769695713,0.3702673820,-0.7472369533,0.0000000000,424.163363
483,58400.000000,0.3072697085,-0.4471170061,0.3072697085,-0.7543867146,0.0000000000,391.611643
484,58500.000000,0.3212338505,-0.4040229762,0.3212338505,-0.7252568267,0.0000000000,383.776478
485,58600.000000,0.3108916524,-0.4131983359,0.3108916524,-0.7240899883,0.0000000000,421.808421
486,58700.000000,0.3115776166,-0.4091264652,0.3115776166,-0.7207040818,0.0000000000,421.496778
487,58800.000000,0.3609588818,-0.3988282848,0.3609588818,-0.7597871666,0.0000000000,419.859242
488,58900.000000,0.3357215831,-0.4130136642,0.3357215831,-0.7487352473,0.0000000000,374.471110
489,59000.000000,0.3019853690,-0.4622935756,0.3019853690,-0.7642789446,0.0000000000,404.200854
490,59100.000000,0.2805819540,-0.4476541435,0.2805819540,-0.7282360975,0.0000000000,409.516172
491,59200.000000,0.2901679440,-0.4243077480,0.2901679440,-0.7144756920,0.0000000000,427.294634
492,59300.000000,0.2745153959,-0.4751013459,0.2745153959,-0.7496167419,0.0000000000,409.991780
493,59400.000000,0.3073819166,-0.4131275110,0.3073819166,-0.7205094277,0.0000000000,368.395907
494,59500.000000,0.3083821670,-0.4502014362,0.3083821670,-0.7585836032,0.0000000000,390.845807
495,59600.000000,0.3119487017,-0.4102186955,0.3119487017,-0.7221673972,0.0000000000,423.257288
496,59700.000000,0.3177677689,-0.4205364495,0.3177677689,-0.7383042183,0.0000000000,411.627280
497,59800.000000,0.3052150558,-0.4040305845,0.3052150558,-0.7092456403,0.0000000000,409.778524
498,59900.000000,0.3574968363,-0.3541021680,0.3574968363,-0.7115990043,0.0000000000,383.664741
499,60000.000000,0.2882899975,-0.4161777907,0.2882899975,-0.7044677882,0.0000000000,416.234980
500,60100.000000,0.3370267556,-0.3999885635,0.3370267556,-0.7370153191,0.0000000000,404.193063
501,60200.000000,0.3847010636,-0.3419324954,0.3847010636,-0.7266335590,0.0000000000,368.075846
502,60300.000000,0.3045286297,-0.4064523145,0.3045286297,-0.7109809442,0.0000000000,373.574548
503,60400.000000,0.3294085445,-0.3859727086,0.3294085445,-0.7153812531,0.0000000000,384.728791
504,60500.000000,0.3253609303,-0.4051887432,0.3253609303,-0.7305496735,0.0000000000,383.521369
505,60600.000000,0.3113242228,-0.4130850225,0.3113242228,-0.7244092453,0.0000000000,394.454800
506,60700.000000,0.3232184180,-0.3746480190,0.3232184180,-0.6978664370,0.0000000000,405.789608
507,60800.000000,0.2963116548,-0.4273986829,0.2963116548,-0.7237103377,0.0000000000,363.533372
508,60900.000000,0.3123357824,-0.4196263406,0.3123357824,-0.7319621230,0.0000000000,408.996910
509,61000.000000,0.3433321166,-0.3535291765,0.3433321166,-0.6968612931,0.0000000000,398.033920
510,61100.000000,0.2864267564,-0.4115604587,0.2864267564,-0.6979872151,0.0000000000,392.693546
511,61200.000000,0.3492559455,-0.3888642672,0.3492559455,-0.7381202127,0.0000000000,372.015236
512,61300.000000,0.3728069745,-0.3629211419,0.3728069745,-0.7357281165,0.0000000000,378.603279
513,61400.000000,0.3513495728,-0.4131917107,0.3513495728,-0.7645412834,0.0000000000,368.175643
514,61500.000000,0.3263995760,-0.4294932276,0.3263995760,-0.7558928035,0.0000000000,385.316528
515,61600.000000,0.3276416002,-0.4173485509,0.3276416002,-0.7449901510,0.0000000000,372.953376
516,61700.000000,0.3474398624,-0.3689344077,0.3474398624,-0.7163742701,0.0000000000,404.695098
517,61800.000000,0.2968223524,-0.4158766339,0.2968223524,-0.7126989863,0.0000000000,393.785667
518,61900.000000,0.3157861205,-0.4346548423,0.3157861205,-0.7504409628,0.0000000000,402.523853
519,62000.000000,0.3093143581,-0.4040726998,0.3093143581,-0.7133870579,0.0000000000,400.524482
520,62100.000000,0.3519271548,-0.3533742120,0.3519271548,-0.7053013668,0.0000000000,400.910434
521,62200.000000,0.3176780988,-0.4184769059,0.3176780988,-0.7361550047,0.0000000000,387.512203
522,62300.000000,0.3069621151,-0.4262271687,0.3069621151,-0.7331892838,0.0000000000,407.448208
523,62400.000000,0.3103301400,-0.4007980942,0.3103301400,-0.7111282343,0.0000000000,356.114659
524,62500.000000,0.3046451757,-0.4150708643,0.3046451757,-0.7197160400,0.0000000000,387.212266
525,62600.000000,0.3297584350,-0.3724697657,0.3297584350,-0.7022282008,0.0000000000,365.043824
526,62700.000000,0.3097265546,-0.4129030472,0.3097265546,-0.7226296019,0.0000000000,402.439052
527,62800.000000,0.2927998804,-0.4147458997,0.2927998804,-0.7075457802,0.0000000000,392.126402
528,62900.000000,0.2800859149,-0.4673014801,0.2800859149,-0.7473873951,0.0000000000,421.460524
529,63000.000000,0.2832609411,-0.4539756527,0.2832609411,-0.7372365937,0.0000000000,421.182434
530,63100.000000,0.3022698731,-0.4200997027,0.3022698731,-0.7223695757,0.0000000000,402.853819
531,63200.000000,0.3354978773,-0.3860556187,0.3354978773,-0.7215534961,0.0000000000,379.289364
532,63300.000000,0.3443303560,-0.3628894273,0.3443303560,-0.7072197834,0.0000000000,401.223134
533,63400.000000,0.3445997943,-0.3877582538,0.3445997943,-0.7323580481,0.0000000000,400.332289
534,63500.000000,0.3138840639,-0.4391722819,0.3138840639,-0.7530563458,0.0000000000,400.437645
535,63600.000000,0.3491200976,-0.3812739085,0.3491200976,-0.7303940061,0.0000000000,412.366258
536,63700.000000,0.3379480836,-0.4186428774,0.3379480836,-0.7565909610,0.0000000000,401.691656
537,63800.000000,0.3816271933,-0.3485200661,0.3816271933,-0.7301472594,0.0000000000,386.999950
538,63900.000000,0.3049201690,-0.4443662685,0.3049201690,-0.7492864374,0.0000000000,385.291471
539,64000.000000,0.3632065784,-0.3621278522,0.3632065784,-0.7253344306,0.0000000000,379.756281
540,64100.000000,0.3612580832,-0.3906741323,0.3612580832,-0.7519322155,0.0000000000,393.278386
541,64200.000000,0.3496748096,-0.4168844690,0.3496748096,-0.7665592786,0.0000000000,369.369009
542,64300.000000,0.3672207235,-0.3686248691,0.3672207235,-0.7358455926,0.0000000000,399.752891
543,64400.000000,0.3220113180,-0.4383573424,0.3220113180,-0.7603686604,0.0000000000,423.353483
544,64500.000000,0.3647109739,-0.3670315355,0.3647109739,-0.7317425094,0.0000000000,415.702681
545,64600.000000,0.3330521560,-0.4189931316,0.3330521560,-0.7520452876,0.0000000000,389.892711
546,64700.000000,0.2932620622,-0.4560229437,0.2932620622,-0.7492850059,0.0000000000,408.558534
547,64800.000000,0.2885315896,-0.4205291524,0.2885315896,-0.7090607421,0.0000000000,394.318593
548,64900.000000,0.3295075869,-0.3778387693,0.3295075869,-0.7073463563,0.0000000000,431.611245
549,65000.000000,0.3205933641,-0.4030927186,0.3205933641,-0.7236860827,0.0000000000,414.816769
550,65100.000000,0.3250127145,-0.4097533582,0.3250127145,-0.7347660727,0.0000000000,404.036106
551,65200.000000,0.3293967971,-0.4135287489,0.3293967971,-0.7429255460,0.0000000000,400.425390
552,65300.000000,0.3538249701,-0.3665214666,0.3538249701,-0.7203464367,0.0000000000,405.360511
553,65400.000000,0.3255707689,-0.4250664371,0.3255707689,-0.7506372060,0.0000000000,394.318084
554,65500.000000,0.3138106887,-0.4250220746,0.3138106887,-0.7388327634,0.0000000000,429.000293
555,65600.000000,0.2927352057,-0.4436368500,0.2927352057,-0.7363720557,0.0000000000,396.783628
556,65700.000000,0.3138693234,-0.4325126589,0.3138693234,-0.7463819823,0.0000000000,437.134573
557,65800.000000,0.3279409402,-0.4130339322,0.3279409402,-0.7409748724,0.0000000000,392.927591
558,65900.000000,0.3243889778,-0.3993478484,0.3243889778,-0.7237368262,0.0000000000,398.526559
559,66000.000000,0.3006247237,-0.4864276017,0.3006247237,-0.7870523254,0.0000000000,399.852492
560,66100.000000,0.3449784993,-0.3971169604,0.3449784993,-0.7420954597,0.0000000000,374.207740
561,66200.000000,0.3044392604,-0.4482593568,0.3044392604,-0.7526986171,0.0000000000,428.539327
562,66300.000000,0.3107204520,-0.4322722323,0.3107204520,-0.7429926843,0.0000000000,370.051140
563,66400.000000,0.3642006990,-0.3638862732,0.3642006990,-0.7280869723,0.0000000000,390.986829
564,66500.000000,0.3260034702,-0.4163216378,0.3260034702,-0.7423251080,0.0000000000,418.358891
565,66600.000000,0.3166914463,-0.4426650761,0.3166914463,-0.7593565224,0.0000000000,428.786528
566,66700.000000,0.3306112714,-0.4014682472,0.3306112714,-0.7320795186,0.0000000000,401.089668
567,66800.000000,0.3338960201,-0.4200621554,0.3338960201,-0.7539581755,0.0000000000,377.645016
568,66900.000000,0.3149362770,-0.4324847159,0.3149362770,-0.7474209929,0.0000000000,372.939203
569,67000.000000,0.2971416695,-0.4104162548,0.2971416695,-0.7075579243,0.0000000000,393.229447
570,67100.000000,0.3198904478,-0.4079109041,0.3198904478,-0.7278013520,0.0000000000,402.822537
571,67200.000000,0.3069200571,-0.4371043468,0.3069200571,-0.7440244039,0.0000000000,395.738723
572,67300.000000,0.2703154906,-0.4609330288,0.2703154906,-0.7312485194,0.0000000000,420.886294
573,67400.000000,0.2950939178,-0.4575550626,0.2950939178,-0.7526489804,0.0000000000,376.124150
574,67500.000000,0.3234455055,-0.3943435442,0.3234455055,-0.7177890497,0.0000000000,386.528100
575,67600.000000,0.3097198481,-0.4280299937,0.3097198481,-0.7377498418,0.0000000000,416.712233
576,67700.000000,0.3023609084,-0.4533122813,0.3023609084,-0.7556731897,0.0000000000,389.278978
577,67800.000000,0.3255387281,-0.3992565541,0.3255387281,-0.7247952822,0.0000000000,412.785724
578,67900.000000,0.3799067495,-0.3837234941,0.3799067495,-0.7636302436,0.0000000000,382.132091
579,68000.000000,0.3649611523,-0.4137777987,0.3649611523,-0.7787389510,0.0000000000,421.124412
580,68100.000000,0.4236676749,-0.3156038171,0.4236676749,-0.7392714921,0.0000000000,372.457683
581,68200.000000,0.3372244425,-0.4064705640,0.3372244425,-0.7436950065,0.0000000000,384.519567
582,68300.000000,0.3732135585,-0.3687828500,0.3732135585,-0.7419964085,0.0000000000,366.917990
583,68400.000000,0.3473098382,-0.4041687279,0.3473098382,-0.7514785661,0.0000000000,393.439454
584,68500.000000,0.3211353786,-0.4445993862,0.3211353786,-0.7657347648,0.0000000000,421.581306
585,68600.000000,0.2841235074,-0.4788111149,0.2841235074,-0.7629346223,0.0000000000,403.449308
586,68700.000000,0.3352368586,-0.4084722488,0.3352368586,-0.7437091074,0.0000000000,405.421235
587,68800.000000,0.3623010929,-0.3559149365,0.3623010929,-0.7182160294,0.0000000000,395.965565
588,68900.000000,0.3241818691,-0.4172238712,0.3241818691,-0.7414057403,0.0000000000,420.329643
589,69000.000000,0.3490304902,-0.3982319231,0.3490304902,-0.7472624133,0.0000000000,376.821510
590,69100.000000,0.3443871179,-0.4021660350,0.3443871179,-0.7465531529,0.0000000000,407.452749
591,69200.000000,0.3629956869,-0.3496233880,0.3629956869,-0.7126190749,0.0000000000,401.631050
592,69300.000000,0.3780557160,-0.3888762897,0.3780557160,-0.7669320057,0.0000000000,378.933363
593,69400.000000,0.3316712480,-0.4691439203,0.3316712480,-0.8008151683,0.0000000000,395.640845
594,69500.000000,0.3275180098,-0.4016668211,0.3275180098,-0.7291848309,0.0000000000,393.004093
595,69600.000000,0.3229528562,-0.4429919752,0.3229528562,-0.7659448314,0.0000000000,358.078285
596,69700.000000,0.3607341094,-0.3877554814,0.3607341094,-0.7484895907,0.0000000000,397.445557
597,69800.000000,0.3083080513,-0.4515326046,0.3083080513,-0.7598406559,0.0000000000,414.412533
598,69900.000000,0.3617719547,-0.4145125949,0.3617719547,-0.7762845496,0.0000000000,416.660397
599,70000.000000,0.3346369802,-0.4200236149,0.3346369802,-0.7546605951,0.0000000000,397.785937
600,70100.000000,0.3345055542,-0.4285314767,0.3345055542,-0.7630370309,0.0000000000,391.791386
601,70200.000000,0.3415866932,-0.4290139415,0.3415866932,-0.7706006346,0.0000000000,377.374716
602,70300.000000,0.2885943618,-0.4380314924,0.2885943618,-0.7266258542,0.0000000000,411.007596
603,70400.000000,0.3310212362,-0.4198200659,0.3310212362,-0.7508413022,0.0000000000,361.647031
604,70500.000000,0.3168322504,-0.4068983116,0.3168322504,-0.7237305620,0.0000000000,401.505962
605,70600.000000,0.3164443695,-0.3839930048,0.3164443695,-0.7004373743,0.0000000000,403.179792
606,70700.000000,0.2816534505,-0.4661362917,0.2816534505,-0.7477897421,0.0000000000,380.805963
607,70800.000000,0.2801962298,-0.4564438629,0.2801962298,-0.7366400927,0.0000000000,389.830030
608,70900.000000,0.3686664301,-0.3907722873,0.3686664301,-0.7594387174,0.0000000000,387.108242
609,71000.000000,0.3789646790,-0.3686229758,0.3789646790,-0.7475876548,0.0000000000,370.603758
610,71100.000000,0.3467156456,-0.4217720918,0.3467156456,-0.7684877374,0.0000000000,392.242877
611,71200.000000,0.3923279480,-0.3501318490,0.3923279480,-0.7424597970,0.0000000000,380.546743
612,71300.000000,0.3642251540,-0.4152239627,0.3642251540,-0.7794491167,0.0000000000,390.044109
613,71400.000000,0.3627154199,-0.3897910911,0.3627154199,-0.7525065110,0.0000000000,382.248487
614,71500.000000,0.3545367536,-0.4088608005,0.3545367536,-0.7633975541,0.0000000000,384.002694
615,71600.000000,0.4074190946,-0.3814977508,0.4074190946,-0.7889168454,0.0000000000,398.671575
616,71700.000000,0.3919635130,-0.3769509508,0.3919635130,-0.7689144638,0.0000000000,380.386380
617,71800.000000,0.4349845710,-0.3428565514,0.4349845710,-0.7778411224,0.0000000000,371.025103
618,71900.000000,0.3613211926,-0.4429301768,0.3613211926,-0.8042513694,0.0000000000,386.690734
619,72000.000000,0.4183379626,-0.3730323122,0.4183379626,-0.7913702748,0.0000000000,398.882013
620,72100.000000,0.3660775729,-0.4521598408,0.3660775729,-0.8182374137,0.0000000000,383.846637
621,72200.000000,0.4881060570,-0.3012366756,0.4881060570,-0.7893427325,0.0000000000,371.933645
622,72300.000000,0.3828572641,-0.3882939751,0.3828572641,-0.7711512392,0.0000000000,405.131399
623,72400.000000,0.4077858468,-0.4035550377,0.4077858468,-0.8113408846,0.0000000000,368.328450
624,72500.000000,0.4136010255,-0.3579435883,0.4136010255,-0.7715446138,0.0000000000,353.252435
625,72600.000000,0.3997304050,-0.3931465018,0.3997304050,-0.7928769069,0.0000000000,402.111827
626,72700.000000,0.4097409029,-0.3784875597,0.4097409029,-0.7882284626,0.0000000000,394.382840
627,72800.000000,0.3384389220,-0.4540121755,0.3384389220,-0.7924510975,0.0000000000,383.144383
628,72900.000000,0.3557127825,-0.4254039663,0.3557127825,-0.7811167488,0.0000000000,385.483782
629,73000.000000,0.4205684247,-0.3603643718,0.4205684247,-0.7809327965,0.0000000000,397.868233
630,73100.000000,0.4494105389,-0.3214803040,0.4494105389,-0.7708908430,0.0000000000,374.842889
631,73200.000000,0.4010504772,-0.3750629852,0.4010504772,-0.7761134623,0.0000000000,364.594917
632,73300.000000,0.3967028884,-0.3785644688,0.3967028884,-0.7752673572,0.0000000000,400.499582
633,73400.000000,0.3515172951,-0.4155209531,0.3515172951,-0.7670382481,0.0000000000,397.443364
634,73500.000000,0.4006487763,-0.3755585465,0.4006487763,-0.7762073229,0.0000000000,372.309261
635,73600.000000,0.3295388730,-0.4450960647,0.3295388730,-0.7746349378,0.0000000000,415.022782
636,73700.000000,0.3989357164,-0.3686757014,0.3989357164,-0.7676114178,0.0000000000,413.080493
637,73800.000000,0.3684117116,-0.4055007483,0.3684117116,-0.7739124599,0.0000000000,383.905286
638,73900.000000,0.4001922174,-0.3687724037,0.4001922174,-0.7689646211,0.0000000000,367.820737
639,74000.000000,0.3346478298,-0.4338016048,0.3346478298,-0.7684494346,0.0000000000,382.682673
640,74100.000000,0.3926590925,-0.3689522032,0.3926590925,-0.7616112957,0.0000000000,379.239486
641,74200.000000,0.3365588444,-0.4001777591,0.3365588444,-0.7367366035,0.0000000000,395.346507
642,74300.000000,0.3076931584,-0.4421944553,0.3076931584,-0.7498876137,0.0000000000,421.891383
643,74400.000000,0.3909240549,-0.3470999425,0.3909240549,-0.7380239974,0.0000000000,430.371797
644,74500.000000,0.3604940610,-0.3788785639,0.3604940610,-0.7393726249,0.0000000000,393.205604
645,74600.000000,0.3605837010,-0.3872429992,0.3605837010,-0.7478267002,0.0000000000,399.572365
646,74700.000000,0.3551664043,-0.3745009754,0.3551664043,-0.7296673798,0.0000000000,373.496324
647,74800.000000,0.3501382455,-0.3786958220,0.3501382455,-0.7288340675,0.0000000000,394.516111
648,74900.000000,0.3132207195,-0.4464102035,0.3132207195,-0.7596309230,0.0000000000,390.585139
649,75000.000000,0.3099078279,-0.4609081894,0.3099078279,-0.7708160173,0.0000000000,383.682750
650,75100.000000,0.3564485376,-0.3929373531,0.3564485376,-0.7493858907,0.0000000000,398.740834
651,75200.000000,0.3735614318,-0.3616643741,0.3735614318,-0.7352258059,0.0000000000,391.349330
652,75300.000000,0.3585264885,-0.3806122699,0.3585264885,-0.7391387584,0.0000000000,395.608036
653,75400.000000,0.3174850835,-0.4149240047,0.3174850835,-0.7324090881,0.0000000000,396.472964
654,75500.000000,0.3259916037,-0.4088321198,0.3259916037,-0.7348237234,0.0000000000,406.838585
655,75600.000000,0.3164811476,-0.4231020486,0.3164811476,-0.7395831962,0.0000000000,406.490609
656,75700.000000,0.2988080998,-0.4536874937,0.2988080998,-0.7524955936,0.0000000000,414.478189
657,75800.000000,0.3222528814,-0.4401966785,0.3222528814,-0.7624495599,0.0000000000,381.865119
658,75900.000000,0.3384990380,-0.4070343855,0.3384990380,-0.7455334235,0.0000000000,389.250515
659,76000.000000,0.3453876584,-0.4080403295,0.3453876584,-0.7534279879,0.0000000000,381.746178
660,76100.000000,0.2958201664,-0.4725646147,0.2958201664,-0.7683847811,0.0000000000,414.663766
661,76200.000000,0.3292547749,-0.4231112825,0.3292547749,-0.7523660573,0.0000000000,398.213859
662,76300.000000,0.3200268167,-0.3963810751,0.3200268167,-0.7164078918,0.0000000000,383.501246
663,76400.000000,0.3103837974,-0.4397617270,0.3103837974,-0.7501455245,0.0000000000,400.314475
664,76500.000000,0.3307121690,-0.4225203434,0.3307121690,-0.7532325124,0.0000000000,424.440867
665,76600.000000,0.3710714105,-0.3861090008,0.3710714105,-0.7571804112,0.0000000000,353.800630
666,76700.000000,0.3957893583,-0.3155659743,0.3957893583,-0.7113553326,0.0000000000,387.709956
667,76800.000000,0.3185901652,-0.4213043494,0.3185901652,-0.7398945146,0.0000000000,376.585664
668,76900.000000,0.3191714490,-0.4105866114,0.3191714490,-0.7297580603,0.0000000000,392.051545
669,77000.000000,0.3400247728,-0.3806073743,0.3400247728,-0.7206321471,0.0000000000,394.651260
670,77100.000000,0.3268340015,-0.4137485363,0.3268340015,-0.7405825377,0.0000000000,373.917395
671,77200.000000,0.3471744234,-0.4025342208,0.3471744234,-0.7497086442,0.0000000000,397.824227
672,77300.000000,0.2998505131,-0.4296647048,0.2998505131,-0.7295152179,0.0000000000,379.772098
673,77400.000000,0.3221354450,-0.4446642883,0.3221354450,-0.7667997334,0.0000000000,411.181936
674,77500.000000,0.3411449559,-0.4096286437,0.3411449559,-0.7507735996,0.0000000000,424.297065
675,77600.000000,0.3360723324,-0.3628273040,0.3360723324,-0.6988996364,0.0000000000,414.648340
676,77700.000000,0.3671069315,-0.3787603695,0.3671069315,-0.7458673009,0.0000000000,397.265618
677,77800.000000,0.3326310283,-0.4017039150,0.3326310283,-0.7343349433,0.0000000000,413.857448
678,77900.000000,0.3359516622,-0.3976965079,0.3359516622,-0.7336481701,0.0000000000,382.754124
679,78000.000000,0.3788660447,-0.3604219066,0.3788660447,-0.7392879513,0.0000000000,408.240079
680,78100.000000,0.3565683635,-0.4143429861,0.3565683635,-0.7709113496,0.0000000000,349.332621
681,78200.000000,0.3238602783,-0.4619842632,0.3238602783,-0.7858445415,0.0000000000,409.852324
682,78300.000000,0.3590619105,-0.3712496152,0.3590619105,-0.7303115257,0.0000000000,379.659891
683,78400.000000,0.3464972931,-0.4401893389,0.3464972931,-0.7866866320,0.0000000000,393.119354
684,78500.000000,0.3850930781,-0.3850921325,0.3850930781,-0.7701852106,0.0000000000,376.202687
685,78600.000000,0.4069565184,-0.3535338801,0.4069565184,-0.7604903985,0.0000000000,391.408292
686,78700.000000,0.3443945472,-0.4715274115,0.3443945472,-0.8159219588,0.0000000000,385.345422
687,78800.000000,0.4023045236,-0.3766956351,0.4023045236,-0.7790001588,0.0000000000,385.589686
688,78900.000000,0.4633068881,-0.2977100807,0.4633068881,-0.7610169689,0.0000000000,359.320825
689,79000.000000,0.4052514325,-0.3730421161,0.4052514325,-0.7782935487,0.0000000000,378.272765
690,79100.000000,0.4296385896,-0.3761711715,0.4296385896,-0.8058097611,0.0000000000,395.531457
691,79200.000000,0.4251891500,-0.3425336690,0.4251891500,-0.7677228190,0.0000000000,361.025428
692,79300.000000,0.4171667812,-0.3797095448,0.4171667812,-0.7968763259,0.0000000000,383.512639
693,79400.000000,0.4049520094,-0.3998861441,0.4049520094,-0.8048381535,0.0000000000,414.253149
694,79500.000000,0.4562261104,-0.3027004155,0.4562261104,-0.7589265259,0.0000000000,401.226306
695,79600.000000,0.4436140578,-0.3687311572,0.4436140578,-0.8123452150,0.0000000000,393.906605
696,79700.000000,0.4474304513,-0.3755962578,0.4474304513,-0.8230267091,0.0000000000,420.471527
697,79800.000000,0.4457984754,-0.3581995145,0.4457984754,-0.8039979898,0.0000000000,401.052592
698,79900.000000,0.4198391430,-0.3922335295,0.4198391430,-0.8120726724,0.0000000000,390.422622
699,80000.000000,0.3850463622,-0.4426741298,0.3850463622,-0.8277204920,0.0000000000,385.481198
700,80100.000000,0.4097576406,-0.4005111514,0.4097576406,-0.8102687920,0.0000000000,402.687583
701,80200.000000,0.4751537201,-0.3237850670,0.4751537201,-0.7989387871,0.0000000000,387.506409
702,80300.000000,0.4979636959,-0.3350219098,0.4979636959,-0.8329856056,0.0000000000,390.319381
703,80400.000000,0.4678482741,-0.3484346126,0.4678482741,-0.8162828866,0.0000000000,395.684068
704,80500.000000,0.4209649136,-0.3840858716,0.4209649136,-0.8050507852,0.0000000000,387.539805
705,80600.000000,0.4973164117,-0.2685788709,0.4973164117,-0.7658952825,0.0000000000,394.804420
706,80700.000000,0.4750056809,-0.3098860525,0.4750056809,-0.7848917333,0.0000000000,408.028271
707,80800.000000,0.4471951708,-0.3446049966,0.4471951708,-0.7918001674,0.0000000000,372.998595
708,80900.000000,0.4519668088,-0.3187957826,0.4519668088,-0.7707625914,0.0000000000,388.993527
709,81000.000000,0.3725722675,-0.4453004855,0.3725722675,-0.8178727529,0.0000000000,420.021602
710,81100.000000,0.4271994620,-0.3654162242,0.4271994620,-0.7926156862,0.0000000000,392.572765
711,81200.000000,0.4808678651,-0.3008596576,0.4808678651,-0.7817275227,0.0000000000,400.493474
712,81300.000000,0.4282938713,-0.3623141461,0.4282938713,-0.7906080175,0.0000000000,398.845798
713,81400.000000,0.4296899181,-0.3536845181,0.4296899181,-0.7833744362,0.0000000000,379.933322
714,81500.000000,0.4275589760,-0.3647803496,0.4275589760,-0.7923393256,0.0000000000,400.202581
715,81600.000000,0.4490979570,-0.3172535027,0.4490979570,-0.7663514597,0.0000000000,381.806001
716,81700.000000,0.4087974845,-0.3862449360,0.4087974845,-0.7950424205,0.0000000000,411.431407
717,81800.000000,0.4704723346,-0.3264386047,0.4704723346,-0.7969109393,0.0000000000,405.083399
718,81900.000000,0.4578498897,-0.3381341950,0.4578498897,-0.7959840847,0.0000000000,388.660037
719,82000.000000,0.4194935560,-0.3936512379,0.4194935560,-0.8131447939,0.0000000000,397.634970
720,82100.000000,0.4649395568,-0.3348893309,0.4649395568,-0.7998288877,0.0000000000,394.516032
721,82200.000000,0.4061938553,-0.3920118385,0.4061938553,-0.7982056937,0.0000000000,382.189408
722,82300.000000,0.4409588626,-0.3701800745,0.4409588626,-0.8111389371,0.0000000000,375.764311
723,82400.000000,0.3634707289,-0.4356963143,0.3634707289,-0.7991670432,0.0000000000,415.710668
724,82500.000000,0.4411360677,-0.3449660168,0.4411360677,-0.7861020845,0.0000000000,397.292202
725,82600.000000,0.4725935865,-0.3253365469,0.4725935865,-0.7979301334,0.0000000000,398.506945
726,82700.000000,0.4439747838,-0.3669931327,0.4439747838,-0.8109679165,0.0000000000,404.055016
727,82800.000000,0.4064170520,-0.3991465070,0.4064170520,-0.8055635590,0.0000000000,388.113526
728,82900.000000,0.4074858154,-0.4034319798,0.4074858154,-0.8109177952,0.0000000000,389.794324
729,83000.000000,0.3804411789,-0.4126152962,0.3804411789,-0.7930564751,0.0000000000,392.683367
730,83100.000000,0.4142264381,-0.3820913442,0.4142264381,-0.7963177823,0.0000000000,385.479005
731,83200.000000,0.3907759200,-0.4244941962,0.3907759200,-0.8152701162,0.0000000000,405.747755
732,83300.000000,0.4523782252,-0.3570735198,0.4523782252,-0.8094517449,0.0000000000,390.866361
733,83400.000000,0.4865738031,-0.3369433857,0.4865738031,-0.8235171887,0.0000000000,378.165648
734,83500.000000,0.5081961779,-0.2982323477,0.5081961779,-0.8064285256,0.0000000000,365.778026
735,83600.000000,0.4608643377,-0.3641824671,0.4608643377,-0.8250468047,0.0000000000,378.638045
736,83700.000000,0.3958305784,-0.4383798009,0.3958305784,-0.8342103794,0.0000000000,404.061241
737,83800.000000,0.4108546576,-0.4213248501,0.4108546576,-0.8321795077,0.0000000000,387.798790
738,83900.000000,0.4558417590,-0.3503451238,0.4558417590,-0.8061868827,0.0000000000,416.312343
739,84000.000000,0.5262232300,-0.3006826137,0.5262232300,-0.8269058437,0.0000000000,371.332126
740,84100.000000,0.4236809930,-0.3578220099,0.4236809930,-0.7815030029,0.0000000000,393.887421
741,84200.000000,0.4716043090,-0.3341463430,0.4716043090,-0.8057506520,0.0000000000,393.767188
742,84300.000000,0.4435537118,-0.3590465166,0.4435537118,-0.8026002283,0.0000000000,406.088723
743,84400.000000,0.4693573621,-0.3140936318,0.4693573621,-0.7834509939,0.0000000000,403.590331
744,84500.000000,0.4101861924,-0.3621097610,0.4101861924,-0.7722959535,0.0000000000,395.211083
745,84600.000000,0.4261838213,-0.3828376674,0.4261838213,-0.8090214887,0.0000000000,380.493145
746,84700.000000,0.5242286690,-0.2736743774,0.5242286690,-0.7979030464,0.0000000000,385.488715
747,84800.000000,0.4753210617,-0.3699349729,0.4753210617,-0.8452560346,0.0000000000,382.656129
748,84900.000000,0.5091540170,-0.2924104630,0.5091540170,-0.8015644800,0.0000000000,384.318526
749,85000.000000,0.3947987330,-0.4249286990,0.3947987330,-0.8197274320,0.0000000000,395.592689
750,85100.000000,0.3655244029,-0.4492598878,0.3655244029,-0.8147842907,0.0000000000,402.852253
751,85200.000000,0.4309966144,-0.3807299995,0.4309966144,-0.8117266139,0.0000000000,409.395978
752,85300.000000,0.3676652788,-0.4552690509,0.3676652788,-0.8229343296,0.0000000000,412.509160
753,85400.000000,0.4109088653,-0.3841929437,0.4109088653,-0.7951018090,0.0000000000,389.359590
754,85500.000000,0.4188291025,-0.3613343994,0.4188291025,-0.7801635019,0.0000000000,390.911581
755,85600.000000,0.4087663339,-0.3525075008,0.4087663339,-0.7612738347,0.0000000000,385.318447
756,85700.000000,0.3522898053,-0.4121206159,0.3522898053,-0.7644104211,0.0000000000,412.816301
757,85800.000000,0.4052521341,-0.3608179687,0.4052521341,-0.7660701028,0.0000000000,405.805660
758,85900.000000,0.3234222918,-0.4632426986,0.3234222918,-0.7866649904,0.0000000000,388.220370
759,86000.000000,0.4136564061,-0.3423843047,0.4136564061,-0.7560407108,0.0000000000,379.009864
760,86100.000000,0.3840579656,-0.3925505899,0.3840579656,-0.7766085555,0.0000000000,398.082194
761,86200.000000,0.4668323345,-0.3173801782,0.4668323345,-0.7842125126,0.0000000000,402.630814
762,86300.000000,0.4426968574,-0.3475228485,0.4426968574,-0.7902197059,0.0000000000,368.896102
763,86400.000000,0.4737153756,-0.3181910922,0.4737153756,-0.7919064678,0.0000000000,393.471793
764,86500.000000,0.4292314961,-0.3706659596,0.4292314961,-0.7998974557,0.0000000000,391.021322
765,86600.000000,0.4379855244,-0.3458210435,0.4379855244,-0.7838065679,0.0000000000,395.922968
766,86700.000000,0.4745810717,-0.3513794244,0.4745810717,-0.8259604961,0.0000000000,394.528287
767,86800.000000,0.4147667440,-0.3939942691,0.4147667440,-0.8087610131,0.0000000000,431.128824
768,86900.000000,0.4520243554,-0.3700128421,0.4520243554,-0.8220371975,0.0000000000,404.275476
769,87000.000000,0.4209079249,-0.3826952890,0.4209079249,-0.8036032139,0.0000000000,392.687203
770,87100.000000,0.4540820271,-0.4078520079,0.4540820271,-0.8619340350,0.0000000000,397.196438
771,87200.000000,0.3906399427,-0.4282514547,0.3906399427,-0.8188913974,0.0000000000,407.480703
772,87300.000000,0.4245248206,-0.3980062092,0.4245248206,-0.8225310298,0.0000000000,404.371710
773,87400.000000,0.4426403118,-0.3268197327,0.4426403118,-0.7694600445,0.0000000000,398.121854
774,87500.000000,0.4238487714,-0.3612878226,0.4238487714,-0.7851365940,0.0000000000,409.786354
775,87600.000000,0.4421335742,-0.3256774872,0.4421335742,-0.7678110614,0.0000000000,390.068852
776,87700.000000,0.4255602975,-0.3794257046,0.4255602975,-0.8049860021,0.0000000000,382.717205
777,87800.000000,0.4404370089,-0.3728975024,0.4404370089,-0.8133345113,0.0000000000,374.944408
778,87900.000000,0.4190013107,-0.3961992424,0.4190013107,-0.8152005531,0.0000000000,404.248658
779,88000.000000,0.4364626467,-0.3685121220,0.4364626467,-0.8049747687,0.0000000000,387.764924
780,88100.000000,0.4280697345,-0.3730646844,0.4280697345,-0.8011344189,0.0000000000,378.844059
781,88200.000000,0.4035996546,-0.3855077597,0.4035996546,-0.7891074143,0.0000000000,381.121756
782,88300.000000,0.4299877037,-0.3486381684,0.4299877037,-0.7786258721,0.0000000000,390.181921
783,88400.000000,0.4344519068,-0.3403863838,0.4344519068,-0.7748382906,0.0000000000,379.119526
784,88500.000000,0.3864056159,-0.3792405617,0.3864056159,-0.7656461776,0.0000000000,404.239066
785,88600.000000,0.4027083465,-0.3746376464,0.4027083465,-0.7773459930,0.0000000000,396.215858
786,88700.000000,0.4040856788,-0.3908246808,0.4040856788,-0.7949103597,0.0000000000,366.762795
787,88800.000000,0.3803704452,-0.4159050442,0.3803704452,-0.7962754893,0.0000000000,408.650461
788,88900.000000,0.4006188759,-0.3771294157,0.4006188759,-0.7777482915,0.0000000000,398.796154
789,89000.000000,0.3892076395,-0.4026476164,0.3892076395,-0.7918552559,0.0000000000,404.842855
790,89100.000000,0.4728818492,-0.2930141938,0.4728818492,-0.7658960429,0.0000000000,381.155856
791,89200.000000,0.4235966627,-0.3512388761,0.4235966627,-0.7748355388,0.0000000000,382.839865
792,89300.000000,0.3918369948,-0.4112805886,0.3918369948,-0.8031175834,0.0000000000,412.893625
793,89400.000000,0.3737421791,-0.3846319033,0.3737421791,-0.7583740824,0.0000000000,409.530344
794,89500.000000,0.4397070213,-0.3563381069,0.4397070213,-0.7960451283,0.0000000000,392.836604
795,89600.000000,0.3947479535,-0.4136535474,0.3947479535,-0.8084015009,0.0000000000,386.923527
796,89700.000000,0.4378188495,-0.3476311844,0.4378188495,-0.7854500339,0.0000000000,382.234471
797,89800.000000,0.4217033706,-0.3720441023,0.4217033706,-0.7937474728,0.0000000000,367.846812
798,89900.000000,0.4213714846,-0.3596074141,0.4213714846,-0.7809788987,0.0000000000,406.246502
799,90000.000000,0.4660544822,-0.3020505770,0.4660544822,-0.7681050592,0.0000000000,398.282295
800,90100.000000,0.4272840964,-0.3733060776,0.4272840964,-0.8005901740,0.0000000000,402.561204
801,90200.000000,0.4221306302,-0.3902710038,0.4221306302,-0.8124016340,0.0000000000,381.388962
802,90300.000000,0.4404535112,-0.3584944599,0.4404535112,-0.7989479711,0.0000000000,397.786837
803,90400.000000,0.4861845534,-0.3141842531,0.4861845534,-0.8003688065,0.0000000000,374.238943
804,90500.000000,0.4483596193,-0.3607723635,0.4483596193,-0.8091319828,0.0000000000,404.075100
805,90600.000000,0.4498743719,-0.3623568725,0.4498743719,-0.8122312443,0.0000000000,416.645911
806,90700.000000,0.5017476949,-0.3253324858,0.5017476949,-0.8270801807,0.0000000000,372.690202
807,90800.000000,0.4501437142,-0.3704414497,0.4501437142,-0.8205851639,0.0000000000,394.229876
808,90900.000000,0.4360891749,-0.3745096199,0.4360891749,-0.8105987949,0.0000000000,405.503961
809,91000.000000,0.4219109933,-0.3991401798,0.4219109933,-0.8210511731,0.0000000000,384.279257
810,91100.000000,0.4540474354,-0.3681154676,0.4540474354,-0.8221629030,0.0000000000,391.382100
811,91200.000000,0.4852133586,-0.3387951251,0.4852133586,-0.8240084837,0.0000000000,378.373501
812,91300.000000,0.4223988401,-0.4110715935,0.4223988401,-0.8334704336,0.0000000000,375.893275
813,91400.000000,0.4566094203,-0.3195157321,0.4566094203,-0.7761251524,0.0000000000,391.488395
814,91500.000000,0.4093205189,-0.4095183956,0.4093205189,-0.8188389144,0.0000000000,414.285409
815,91600.000000,0.4627335024,-0.3726380667,0.4627335024,-0.8353715691,0.0000000000,400.462467
816,91700.000000,0.4787116285,-0.3695550431,0.4787116285,-0.8482666716,0.0000000000,379.393154
817,91800.000000,0.5333369768,-0.2780668322,0.5333369768,-0.8114038089,0.0000000000,391.091324
818,91900.000000,0.4035730613,-0.4380510823,0.4035730613,-0.8416241436,0.0000000000,411.708871
819,92000.000000,0.4443489899,-0.3904079151,0.4443489899,-0.8347569050,0.0000000000,390.200204
820,92100.000000,0.4464352671,-0.3746502879,0.4464352671,-0.8210855549,0.0000000000,368.894262
821,92200.000000,0.4178590206,-0.3788130802,0.4178590206,-0.7966721008,0.0000000000,386.065999
822,92300.000000,0.4138339496,-0.3814678317,0.4138339496,-0.7953017813,0.0000000000,380.369858
823,92400.000000,0.4186382749,-0.4014943211,0.4186382749,-0.8201325960,0.0000000000,358.354849
824,92500.000000,0.4377226313,-0.3118064188,0.4377226313,-0.7495290501,0.0000000000,399.812910
825,92600.000000,0.4300854536,-0.3373215068,0.4300854536,-0.7674069603,0.0000000000,404.895121
826,92700.000000,0.4706398570,-0.3426709236,0.4706398570,-0.8133107806,0.0000000000,390.151853
827,92800.000000,0.4060889231,-0.4016209024,0.4060889231,-0.8077098255,0.0000000000,385.784345
828,92900.000000,0.4250252764,-0.3701458111,0.4250252764,-0.7951710875,0.0000000000,401.581955
829,93000.000000,0.4581596729,-0.3403802700,0.4581596729,-0.7985399429,0.0000000000,370.374411
830,93100.000000,0.4561434934,-0.3414018484,0.4561434934,-0.7975453419,0.0000000000,382.325810
831,93200.000000,0.4697507786,-0.3355553329,0.4697507786,-0.8053061115,0.0000000000,384.200720
832,93300.000000,0.3791173553,-0.4119246749,0.3791173553,-0.7910420301,0.0000000000,405.352055
833,93400.000000,0.4641823649,-0.3319440384,0.4641823649,-0.7961264033,0.0000000000,381.300246
834,93500.000000,0.3466554723,-0.4286579246,0.3466554723,-0.7753133969,0.0000000000,395.913572
835,93600.000000,0.3461794856,-0.4176786806,0.3461794856,-0.7638581661,0.0000000000,433.932164
836,93700.000000,0.3988458323,-0.3777710797,0.3988458323,-0.7766169120,0.0000000000,404.582578
837,93800.000000,0.4154334141,-0.3507160446,0.4154334141,-0.7661494587,0.0000000000,400.360360
838,93900.000000,0.3881436872,-0.4026042632,0.3881436872,-0.7907479504,0.0000000000,398.430835
839,94000.000000,0.4495124598,-0.3143958352,0.4495124598,-0.7639082950,0.0000000000,369.319130
840,94100.000000,0.4050586057,-0.4056410391,0.4050586057,-0.8106996448,0.0000000000,417.444359
841,94200.000000,0.3687004532,-0.4120228627,0.3687004532,-0.7807233159,0.0000000000,401.603958
842,94300.000000,0.4245955184,-0.3361688745,0.4245955184,-0.7607643929,0.0000000000,400.273288
843,94400.000000,0.3453007031,-0.3951924587,0.3453007031,-0.7404931618,0.0000000000,398.862202
844,94500.000000,0.3434855489,-0.4166145957,0.3434855489,-0.7601001446,0.0000000000,389.502805
845,94600.000000,0.3703195175,-0.3994279873,0.3703195175,-0.7697475048,0.0000000000,384.185530
846,94700.000000,0.3069119977,-0.4751840247,0.3069119977,-0.7820960224,0.0000000000,429.748394
847,94800.000000,0.3609058784,-0.3659873532,0.3609058784,-0.7268932316,0.0000000000,377.817516
848,94900.000000,0.3267784006,-0.4285724929,0.3267784006,-0.7553508936,0.0000000000,406.313920
849,95000.000000,0.3572767815,-0.4370658222,0.3572767815,-0.7943426037,0.0000000000,412.089499
850,95100.000000,0.3830544126,-0.3594551390,0.3830544126,-0.7425095515,0.0000000000,386.886959
851,95200.000000,0.3877517702,-0.3614542429,0.3877517702,-0.7492060131,0.0000000000,411.416060
852,95300.000000,0.3772253587,-0.3656729504,0.3772253587,-0.7428983091,0.0000000000,375.250139
853,95400.000000,0.3817011738,-0.3481293347,0.3817011738,-0.7298305085,0.0000000000,402.684686
854,95500.000000,0.3492395443,-0.4240634606,0.3492395443,-0.7733030050,0.0000000000,398.800696
855,95600.000000,0.3586678140,-0.4001104560,0.3586678140,-0.7587782700,0.0000000000,415.427370
856,95700.000000,0.3719942635,-0.4015766419,0.3719942635,-0.7735709054,0.0000000000,398.699607
857,95800.000000,0.3500345529,-0.3878296798,0.3500345529,-0.7378642327,0.0000000000,419.174292
858,95900.000000,0.4221644165,-0.3481679557,0.4221644165,-0.7703323722,0.0000000000,369.527415
859,96000.000000,0.4277366216,-0.3446491229,0.4277366216,-0.7723857444,0.0000000000,369.793877
860,96100.000000,0.4002936818,-0.3638440790,0.4002936818,-0.7641377608,0.0000000000,391.271772
861,96200.000000,0.3661440511,-0.4104031934,0.3661440511,-0.7765472445,0.0000000000,427.895017
862,96300.000000,0.3894741860,-0.3843439507,0.3894741860,-0.7738181367,0.0000000000,393.493835
863,96400.000000,0.3902228407,-0.3519908420,0.3902228407,-0.7422136827,0.0000000000,392.100093
864,96500.000000,0.3898987261,-0.4170215011,0.3898987261,-0.8069202272,0.0000000000,384.298050
865,96600.000000,0.4088398256,-0.3541633095,0.4088398256,-0.7630031352,0.0000000000,403.527297
866,96700.000000,0.3685989045,-0.4084391845,0.3685989045,-0.7770380891,0.0000000000,362.421206
867,96800.000000,0.3559010398,-0.4101853643,0.3559010398,-0.7660864040,0.0000000000,383.265321
868,96900.000000,0.4286250463,-0.3585337254,0.4286250463,-0.7871587717,0.0000000000,393.515642
869,97000.000000,0.4015800324,-0.3622265167,0.4015800324,-0.7638065491,0.0000000000,388.251847
870,97100.000000,0.4588006257,-0.3069950817,0.4588006257,-0.7657957075,0.0000000000,378.067378
871,97200.000000,0.4065963032,-0.3710422302,0.4065963032,-0.7776385335,0.0000000000,390.765978
872,97300.000000,0.4455889236,-0.3397826716,0.4455889236,-0.7853715952,0.0000000000,374.417746
873,97400.000000,0.4048893541,-0.3436607810,0.4048893541,-0.7485501351,0.0000000000,421.294093
874,97500.000000,0.4202543539,-0.3640242760,0.4202543539,-0.7842786298,0.0000000000,407.881415
875,97600.000000,0.4560412485,-0.3288340610,0.4560412485,-0.7848753095,0.0000000000,362.028010
876,97700.000000,0.4562279183,-0.3254101640,0.4562279183,-0.7816380822,0.0000000000,399.843878
877,97800.000000,0.4032695225,-0.4103335226,0.4032695225,-0.8136030452,0.0000000000,436.023854
878,97900.000000,0.4362685911,-0.3516618965,0.4362685911,-0.7879304876,0.0000000000,377.934147
879,98000.000000,0.4406159150,-0.3574180168,0.4406159150,-0.7980339318,0.0000000000,401.515789
880,98100.000000,0.4464197863,-0.3828030031,0.4464197863,-0.8292227894,0.0000000000,384.214032
881,98200.000000,0.4522033185,-0.3558572204,0.4522033185,-0.8080605389,0.0000000000,373.489199
882,98300.000000,0.4208421361,-0.3678626938,0.4208421361,-0.7887048299,0.0000000000,413.804633
883,98400.000000,0.4810103704,-0.3247953736,0.4810103704,-0.8058057440,0.0000000000,380.804357
884,98500.000000,0.4166119175,-0.4142024273,0.4166119175,-0.8308143448,0.0000000000,378.185302
885,98600.000000,0.4660155771,-0.3682143791,0.4660155771,-0.8342299562,0.0000000000,390.247460
886,98700.000000,0.4726944832,-0.3440273128,0.4726944832,-0.8167217960,0.0000000000,383.676016
887,98800.000000,0.4464337554,-0.3858461536,0.4464337554,-0.8322799090,0.0000000000,375.751509
888,98900.000000,0.4271087128,-0.3851724594,0.4271087128,-0.8122811722,0.0000000000,409.122703
889,99000.000000,0.4723441796,-0.3288295994,0.4723441796,-0.8011737790,0.0000000000,399.181597
890,99100.000000,0.4235648123,-0.3701963798,0.4235648123,-0.7937611921,0.0000000000,391.463925
891,99200.000000,0.4070912627,-0.3888098744,0.4070912627,-0.7959011371,0.0000000000,378.023686
892,99300.000000,0.4370236099,-0.3616335655,0.4370236099,-0.7986571754,0.0000000000,392.810138
893,99400.000000,0.4243379404,-0.3848454077,0.4243379404,-0.8091833481,0.0000000000,377.271239
894,99500.000000,0.4534183663,-0.3309481490,0.4534183663,-0.7843665153,0.0000000000,387.291665
895,99600.000000,0.3941887851,-0.3859679683,0.3941887851,-0.7801567535,0.0000000000,372.599254
896,99700.000000,0.4271426315,-0.3459500727,0.4271426315,-0.7730927042,0.0000000000,385.543057
897,99800.000000,0.3935571239,-0.3667950556,0.3935571239,-0.7603521794,0.0000000000,407.998829
898,99900.000000,0.4357573198,-0.3426489107,0.4357573198,-0.7784062305,0.0000000000,370.720311
899,100000.000000,0.3994428483,-0.3538445946,0.3994428483,-0.7532874429,0.0000000000,399.715776
900,100100.000000,0.3650202573,-0.4041805388,0.3650202573,-0.7692007961,0.0000000000,388.774632
901,100200.000000,0.3850940143,-0.3895321386,0.3850940143,-0.7746261529,0.0000000000,373.128851
902,100300.000000,0.4114213131,-0.3792446052,0.4114213131,-0.7906659183,0.0000000000,378.798918
903,100400.000000,0.3555104612,-0.4008675771,0.3555104612,-0.7563780382,0.0000000000,380.992831
904,100500.000000,0.3983085271,-0.3678914256,0.3983085271,-0.7661999527,0.0000000000,405.950206
905,100600.000000,0.3456149724,-0.4174320147,0.3456149724,-0.7630469871,0.0000000000,408.556968
906,100700.000000,0.3804425166,-0.3727252594,0.3804425166,-0.7531677760,0.0000000000,388.485031
907,100800.000000,0.3817034262,-0.3727812365,0.3817034262,-0.7544846626,0.0000000000,391.220758
908,100900.000000,0.3949415050,-0.3787729930,0.3949415050,-0.7737144979,0.0000000000,384.613765
909,101000.000000,0.3511295090,-0.4339448194,0.3511295090,-0.7850743284,0.0000000000,406.958505
910,101100.000000,0.3349197336,-0.4481007425,0.3349197336,-0.7830204760,0.0000000000,387.945019
911,101200.000000,0.3893962965,-0.3978619086,0.3893962965,-0.7872582051,0.0000000000,393.390280
912,101300.000000,0.3590854439,-0.4066588330,0.3590854439,-0.7657442769,0.0000000000,412.097251
913,101400.000000,0.3946635990,-0.3313086778,0.3946635990,-0.7259722768,0.0000000000,382.243202
914,101500.000000,0.4053592272,-0.3381046743,0.4053592272,-0.7434639015,0.0000000000,369.468531
915,101600.000000,0.3666609083,-0.3954437724,0.3666609083,-0.7621046807,0.0000000000,425.729958
916,101700.000000,0.3845262662,-0.3423582155,0.3845262662,-0.7268844817,0.0000000000,412.452430
917,101800.000000,0.3441727942,-0.4270746308,0.3441727942,-0.7712474251,0.0000000000,403.115584
918,101900.000000,0.3529450466,-0.4036702168,0.3529450466,-0.7566152634,0.0000000000,352.271777
919,102000.000000,0.3201826161,-0.4539941165,0.3201826161,-0.7741767326,0.0000000000,397.570057
920,102100.000000,0.3158424814,-0.4519153817,0.3158424814,-0.7677578631,0.0000000000,416.676997
921,102200.000000,0.3779799592,-0.3894823031,0.3779799592,-0.7674622622,0.0000000000,386.548224
922,102300.000000,0.3907490781,-0.3536866223,0.3907490781,-0.7444357004,0.0000000000,396.903744
923,102400.000000,0.3698109971,-0.3999946045,0.3698109971,-0.7698056017,0.0000000000,418.898825
924,102500.000000,0.3983960324,-0.3545820410,0.3983960324,-0.7529780734,0.0000000000,400.320818
925,102600.000000,0.3608393135,-0.4274938071,0.3608393135,-0.7883331206,0.0000000000,406.574354
926,102700.000000,0.3438019355,-0.4344292025,0.3438019355,-0.7782311380,0.0000000000,400.417130
927,102800.000000,0.4004370257,-0.3755519107,0.4004370257,-0.7759889363,0.0000000000,406.073689
928,102900.000000,0.4466383499,-0.3361624846,0.4466383499,-0.7828008345,0.0000000000,373.088995
929,103000.000000,0.4019423075,-0.3525527692,0.4019423075,-0.7544950767,0.0000000000,379.691016
930,103100.000000,0.4214948637,-0.3590987256,0.4214948637,-0.7805935894,0.0000000000,386.313982
931,103200.000000,0.3480333322,-0.4559915896,0.3480333322,-0.8040249218,0.0000000000,402.311811
932,103300.000000,0.3990388579,-0.3589186123,0.3990388579,-0.7579574702,0.0000000000,395.479464
933,103400.000000,0.4406153745,-0.3647626254,0.4406153745,-0.8053780000,0.0000000000,399.011407
934,103500.000000,0.3368365464,-0.4579075682,0.3368365464,-0.7947441146,0.0000000000,363.422457
935,103600.000000,0.3385555439,-0.4409668727,0.3385555439,-0.7795224166,0.0000000000,401.716831
936,103700.000000,0.3813600990,-0.3696046340,0.3813600990,-0.7509647329,0.0000000000,411.559392
937,103800.000000,0.3997509319,-0.4033231473,0.3997509319,-0.8030740791,0.0000000000,379.921694
938,103900.000000,0.3611130139,-0.4142860697,0.3611130139,-0.7753990836,0.0000000000,432.926058
939,104000.000000,0.4132182257,-0.3911223782,0.4132182257,-0.8043406039,0.0000000000,406.019425
940,104100.000000,0.4440787903,-0.3347974465,0.4440787903,-0.7788762369,0.0000000000,386.898157
941,104200.000000,0.4262047774,-0.3417356379,0.4262047774,-0.7679404153,0.0000000000,371.902402
942,104300.000000,0.4555144048,-0.3265872057,0.4555144048,-0.7821016105,0.0000000000,404.832989
943,104400.000000,0.4001069890,-0.3774100507,0.4001069890,-0.7775170397,0.0000000000,405.445782
944,104500.000000,0.4296277176,-0.3677970778,0.4296277176,-0.7974247954,0.0000000000,369.858124
945,104600.000000,0.4032870967,-0.3943881352,0.4032870967,-0.7976752319,0.0000000000,401.897317
946,104700.000000,0.4331379909,-0.3448001252,0.4331379909,-0.7779381162,0.0000000000,393.482990
947,104800.000000,0.4154195367,-0.3773815530,0.4154195367,-0.7928010897,0.0000000000,389.719076
948,104900.000000,0.4290476246,-0.3805606537,0.4290476246,-0.8096082783,0.0000000000,397.715543
949,105000.000000,0.4412548927,-0.3950212874,0.4412548927,-0.8362761801,0.0000000000,389.150953
950,105100.000000,0.4150827569,-0.4234645834,0.4150827569,-0.8385473403,0.0000000000,403.928127
951,105200.000000,0.4400174373,-0.3643569885,0.4400174373,-0.8043744258,0.0000000000,435.347792
952,105300.000000,0.4517786552,-0.3729953022,0.4517786552,-0.8247739574,0.0000000000,380.427958
953,105400.000000,0.4658766424,-0.3545963309,0.4658766424,-0.8204729734,0.0000000000,368.459371
954,105500.000000,0.4874975862,-0.3113212793,0.4874975862,-0.7988188656,0.0000000000,383.811088
955,105600.000000,0.5303178104,-0.2781210579,0.5303178104,-0.8084388683,0.0000000000,357.589209
956,105700.000000,0.3920153054,-0.4343500307,0.3920153054,-0.8263653361,0.0000000000,380.010842
957,105800.000000,0.4300009242,-0.3464025827,0.4300009242,-0.7764035069,0.0000000000,387.299456
958,105900.000000,0.4040704208,-0.4110086309,0.4040704208,-0.8150790517,0.0000000000,395.163123
959,106000.000000,0.3840375206,-0.4025439506,0.3840375206,-0.7865814712,0.0000000000,413.721358
960,106100.000000,0.4069465768,-0.3988932270,0.4069465768,-0.8058398038,0.0000000000,385.648491
961,106200.000000,0.4098589897,-0.3650237231,0.4098589897,-0.7748827128,0.0000000000,403.301552
962,106300.000000,0.3821920235,-0.4131121162,0.3821920235,-0.7953041397,0.0000000000,388.585689
963,106400.000000,0.3831818330,-0.4041923336,0.3831818330,-0.7873741665,0.0000000000,399.710138
964,106500.000000,0.4182645107,-0.3531784044,0.4182645107,-0.7714429151,0.0000000000,404.187973
965,106600.000000,0.4032960217,-0.3760092912,0.4032960217,-0.7793053128,0.0000000000,415.826712
966,106700.000000,0.3846426044,-0.3983981652,0.3846426044,-0.7830407696,0.0000000000,368.742904
967,106800.000000,0.3865380967,-0.4019767628,0.3865380967,-0.7885148595,0.0000000000,379.466562
968,106900.000000,0.4037304353,-0.3779021635,0.4037304353,-0.7816325987,0.0000000000,399.668364
969,107000.000000,0.4151169172,-0.3866703629,0.4151169172,-0.8017872801,0.0000000000,400.669694
970,107100.000000,0.4266487381,-0.3410515611,0.4266487381,-0.7677002992,0.0000000000,407.326056
971,107200.000000,0.4044967944,-0.4095649211,0.4044967944,-0.8140617155,0.0000000000,404.771874
972,107300.000000,0.4110077234,-0.3868628935,0.4110077234,-0.7978706169,0.0000000000,402.983723
973,107400.000000,0.3984022474,-0.3930390647,0.3984022474,-0.7914413120,0.0000000000,421.337629
974,107500.000000,0.3919391025,-0.4313868063,0.3919391025,-0.8233259088,0.0000000000,385.197744
975,107600.000000,0.4268719684,-0.3808866841,0.4268719684,-0.8077586525,0.0000000000,394.235475
976,107700.000000,0.4304918055,-0.3580538902,0.4304918055,-0.7885456956,0.0000000000,386.485347
977,107800.000000,0.4032332529,-0.3867762156,0.4032332529,-0.7900094685,0.0000000000,378.976860
978,107900.000000,0.4006895320,-0.3882849281,0.4006895320,-0.7889744601,0.0000000000,422.158080
979,108000.000000,0.3903292847,-0.4072482076,0.3903292847,-0.7975774923,0.0000000000,408.731739
980,108100.000000,0.3679679520,-0.4233626946,0.3679679520,-0.7913306467,0.0000000000,418.586594
981,108200.000000,0.4238306264,-0.3713538181,0.4238306264,-0.7951844445,0.0000000000,413.662397
982,108300.000000,0.4053572086,-0.3650112324,0.4053572086,-0.7703684411,0.0000000000,402.997347
983,108400.000000,0.4251379199,-0.3438775447,0.4251379199,-0.7690154645,0.0000000000,392.910678
984,108500.000000,0.4469659226,-0.3575900312,0.4469659226,-0.8045559538,0.0000000000,411.409796
985,108600.000000,0.4369677220,-0.3872337473,0.4369677220,-0.8242014693,0.0000000000,412.456424
986,108700.000000,0.4699760851,-0.3775176852,0.4699760851,-0.8474937703,0.0000000000,403.932825
987,108800.000000,0.4447202882,-0.4056677357,0.4447202882,-0.8503880239,0.0000000000,391.915456
988,108900.000000,0.4756663454,-0.3321609825,0.4756663454,-0.8078273278,0.0000000000,379.838068
989,109000.000000,0.4577145526,-0.3379421198,0.4577145526,-0.7956566724,0.0000000000,375.652417
990,109100.000000,0.4310244776,-0.4028904631,0.4310244776,-0.8339149407,0.0000000000,392.813427
991,109200.000000,0.4564004982,-0.3148684113,0.4564004982,-0.7712689095,0.0000000000,378.277072
992,109300.000000,0.4216500080,-0.3866966012,0.4216500080,-0.8083466092,0.0000000000,398.108268
993,109400.000000,0.3966689144,-0.3914555676,0.3966689144,-0.7881244820,0.0000000000,382.265987
994,109500.000000,0.4477457606,-0.3107079880,0.4477457606,-0.7584537487,0.0000000000,394.866592
995,109600.000000,0.3700742911,-0.4809037160,0.3700742911,-0.8509780072,0.0000000000,395.376692
996,109700.000000,0.4529662330,-0.3411980710,0.4529662330,-0.7941643040,0.0000000000,369.873315
997,109800.000000,0.4259067384,-0.4041110817,0.4259067384,-0.8300178201,0.0000000000,389.129342
998,109900.000000,0.3708095849,-0.4509674666,0.3708095849,-0.8217770515,0.0000000000,396.929466
999,110000.000000,0.4380586965,-0.3390095958,0.4380586965,-0.7770682923,0.0000000000,400.830996
