time_ps,T_bath_K,T_bath_K_std,T_kinetic_K,T_kinetic_K_std,T_v_fictive_K,T_v_fictive_K_std,T_s_fictive_K,T_s_fictive_K_std
0.000000,nan,nan,nan,nan,nan,nan,nan,nan
0.100000,nan,nan,nan,nan,nan,nan,nan,nan
0.200000,300.0000,0.0000,298.1690,8.9207,356.7576,20.2504,290.6382,8.6497
0.300000,300.0000,0.0000,299.3186,13.4583,390.9192,13.4275,291.5429,9.5386
0.400000,300.0000,0.0000,312.0318,20.3479,311.0938,8.6302,289.7812,16.2225
0.500000,300.0000,0.0000,297.3785,8.2769,380.3367,18.6386,289.2130,7.8221
0.600000,300.0000,0.0000,307.6524,17.3379,396.3029,15.3673,290.8207,13.2801
0.700000,300.0000,0.0000,296.1876,2.6454,357.8509,12.6679,290.3166,14.1242
0.800000,300.0000,0.0000,311.5488,11.9965,351.9871,20.1943,281.8623,10.7758
0.900000,300.0000,0.0000,305.0963,9.4526,291.6552,22.0776,284.1143,4.8875
1.000000,300.0000,0.0000,289.6737,8.5118,399.2793,36.3142,292.3925,11.2157
1.100000,300.0000,0.0000,302.9913,16.4064,351.1428,21.9474,283.4138,13.5075
1.200000,300.0000,0.0000,299.6966,3.6671,363.9967,5.1333,280.6063,8.9321
1.300000,300.0000,0.0000,308.2301,15.1382,335.5056,6.7914,293.3588,17.0923
1.400000,300.0000,0.0000,297.9393,11.7128,358.6697,4.9430,289.4480,6.2544
1.500000,300.0000,0.0000,293.0467,0.3624,415.3700,28.1350,295.8364,13.6660
1.600000,300.0000,0.0000,305.3385,7.6837,338.8917,28.8245,286.6643,5.3027
1.700000,300.0000,0.0000,308.5434,8.5755,365.6304,24.9310,288.5382,7.3125
1.800000,300.0000,0.0000,309.0467,4.4523,322.1226,13.1217,297.8701,18.7981
1.900000,300.0000,0.0000,302.1308,7.5558,396.0420,4.9502,293.3245,15.9710
2.000000,300.0000,0.0000,305.3120,23.6589,366.2551,7.2908,295.7474,7.3011
2.100000,300.0000,0.0000,307.3104,1.8067,344.0091,34.7909,292.2728,19.7704
2.200000,300.0000,0.0000,304.4986,11.9445,366.1502,37.4991,297.2502,8.5660
2.300000,300.0000,0.0000,304.2088,10.0135,357.9017,32.3148,291.1698,9.8200
2.400000,300.0000,0.0000,297.5985,11.3515,421.8395,21.5567,298.0756,5.6467
2.500000,300.0000,0.0000,306.6493,8.8943,343.9937,9.5169,299.2742,16.5424
2.600000,300.0000,0.0000,312.8387,8.5748,365.6985,15.9429,286.0042,15.9801
2.700000,300.0000,0.0000,302.7482,15.4133,354.9125,21.2087,299.9856,11.8428
2.800000,300.0000,0.0000,298.6822,9.7578,374.9568,39.1052,294.2968,12.4548
2.900000,300.0000,0.0000,295.3560,13.0488,383.0794,26.2168,297.6804,22.1476
3.000000,300.0000,0.0000,301.7983,12.3970,320.7152,32.1387,300.0114,14.9326
3.100000,300.0000,0.0000,304.7363,19.1381,368.2171,18.3017,286.6550,12.5469
3.200000,300.0000,0.0000,300.3172,12.9872,352.1510,19.6444,295.4097,18.9528
3.300000,300.0000,0.0000,296.7252,24.9361,397.3517,19.7822,295.6282,4.1389
3.400000,300.0000,0.0000,293.6012,23.2901,353.6411,17.7953,304.9096,21.6917
3.500000,300.0000,0.0000,304.0984,7.3838,336.5609,32.9104,294.9734,18.1649
3.600000,300.0000,0.0000,294.6348,16.0697,373.3424,22.1738,304.3419,12.7399
3.700000,300.0000,0.0000,303.4954,15.5398,361.3926,30.7969,291.3089,19.1355
3.800000,300.0000,0.0000,299.5615,15.8335,385.9027,16.4271,294.8864,14.4007
3.900000,300.0000,0.0000,306.7257,21.7757,330.1222,5.2997,294.2537,14.9745
4.000000,300.0000,0.0000,311.8141,16.9972,365.3806,23.6268,288.9888,20.3367
4.100000,300.0000,0.0000,293.4554,17.0116,379.2986,10.6275,307.2599,31.9022
4.200000,300.0000,0.0000,299.5249,15.6307,384.2655,37.4046,292.7870,20.7530
4.300000,300.0000,0.0000,300.8637,24.0230,364.5624,25.4182,292.4284,13.0873
4.400000,300.0000,0.0000,310.9443,21.5859,331.2492,38.0086,289.3267,12.3357
4.500000,300.0000,0.0000,309.3362,20.9450,377.6794,19.2583,285.1259,21.6416
4.600000,300.0000,0.0000,303.8849,29.5590,368.3413,6.9337,291.3631,18.0007
4.700000,300.0000,0.0000,305.6411,28.3831,384.1016,24.4145,293.2890,17.9592
4.800000,300.0000,0.0000,307.3352,26.1277,343.3105,22.7960,298.2251,22.4224
4.900000,300.0000,0.0000,300.4192,21.9165,355.8588,43.3880,304.1657,22.3413
5.000000,300.0000,0.0000,300.5162,22.4207,401.6018,23.7675,289.8666,21.6918
5.100000,300.0000,0.0000,303.7297,23.6010,369.2394,14.7225,290.7533,18.7856
5.200000,300.0000,0.0000,300.8772,21.8080,375.3910,19.7266,297.7483,14.9624
5.300000,300.0000,0.0000,309.6585,23.3494,328.5353,20.7849,290.5898,20.9161
5.400000,300.0000,0.0000,296.8644,19.2401,374.5718,39.7255,303.3388,20.3542
5.500000,300.0000,0.0000,300.7672,24.5665,390.2716,13.4353,294.2947,29.9465
5.600000,300.0000,0.0000,299.7496,14.1392,344.9486,19.4624,297.4143,23.9870
5.700000,300.0000,0.0000,299.0513,11.7222,362.2927,14.5333,293.6666,30.1850
5.800000,300.0000,0.0000,303.7348,15.5952,335.7026,22.4841,287.7561,16.1151
5.900000,300.0000,0.0000,288.0202,14.5380,411.4275,12.4107,294.2822,17.9073
6.000000,300.0000,0.0000,296.9299,12.0126,373.2879,16.6240,285.6260,12.6099
6.100000,300.0000,0.0000,297.8959,4.4678,343.4241,5.6875,286.4706,11.6901
6.200000,300.0000,0.0000,299.4492,11.4739,353.5734,13.5509,286.6688,6.7985
6.300000,300.0000,0.0000,303.5413,7.9550,345.4258,25.0129,286.5287,10.2597
6.400000,300.0000,0.0000,292.7584,15.1719,406.1535,31.5039,289.9382,9.9851
6.500000,300.0000,0.0000,299.5188,6.0565,324.4763,15.2289,294.2730,22.4435
6.600000,300.0000,0.0000,298.1366,11.4960,352.1010,7.0380,295.0258,15.2803
6.700000,300.0000,0.0000,303.1753,8.3020,353.6554,13.5664,283.0084,25.1227
6.800000,300.0000,0.0000,301.4411,6.0557,392.7667,1.3841,279.0773,20.7331
6.900000,300.0000,0.0000,294.9811,4.3534,400.6374,24.5609,296.9676,23.8182
7.000000,300.0000,0.0000,306.4966,6.8794,316.0865,25.4729,290.8234,18.8234
7.100000,300.0000,0.0000,296.0659,5.7295,384.8699,11.6212,295.4977,25.0088
7.200000,300.0000,0.0000,299.4036,7.3090,353.2750,9.4334,294.2729,13.2907
7.300000,300.0000,0.0000,301.2430,11.4955,403.5668,7.5525,287.2078,11.6092
7.400000,300.0000,0.0000,301.6998,9.9520,325.1273,7.5409,300.0085,21.0723
7.500000,300.0000,0.0000,299.2488,5.6504,333.8895,23.1291,295.6360,24.5366
7.600000,300.0000,0.0000,290.1504,17.2023,379.2117,9.6797,298.1926,11.8045
7.700000,300.0000,0.0000,294.7218,6.7794,366.9171,15.0053,297.6340,23.5302
7.800000,300.0000,0.0000,294.5708,6.6314,403.2846,19.2125,290.3218,23.1075
7.900000,300.0000,0.0000,303.6969,12.8586,315.5025,9.7904,291.2408,22.2863
8.000000,300.0000,0.0000,296.7046,10.2511,379.6153,13.9164,285.9600,9.1704
8.100000,300.0000,0.0000,291.5739,4.9908,377.3197,14.4254,297.5559,17.9581
8.200000,300.0000,0.0000,297.2507,18.7096,374.2625,6.8550,285.5152,6.4224
8.300000,300.0000,0.0000,297.3163,18.7295,335.8551,15.4082,289.9912,5.8504
8.400000,300.0000,0.0000,296.6861,14.8187,318.4314,20.7976,296.8041,1.3064
8.500000,300.0000,0.0000,290.9157,7.2497,381.5073,15.1020,293.8342,14.5518
8.600000,300.0000,0.0000,298.8353,3.0951,367.9446,11.2715,288.3987,18.3921
8.700000,300.0000,0.0000,292.5551,10.0333,379.4908,1.9090,291.6202,7.0389
8.800000,300.0000,0.0000,300.3251,12.1686,327.4673,14.3031,289.3505,8.1906
8.900000,300.0000,0.0000,295.8542,3.0649,366.4352,11.0129,283.0864,13.7196
9.000000,300.0000,0.0000,287.3996,20.1908,386.0038,22.8498,287.2313,3.6011
9.100000,300.0000,0.0000,287.4316,6.7831,353.2491,21.7465,283.2438,13.6404
9.200000,300.0000,0.0000,291.7171,4.1702,338.8943,28.3639,279.7899,19.7537
9.300000,300.0000,0.0000,298.6316,6.0737,329.3292,9.1722,275.7664,16.8338
9.400000,300.0000,0.0000,292.0646,9.0058,372.2971,9.2065,275.5133,11.4271
9.500000,300.0000,0.0000,280.8462,9.4238,369.2041,13.0264,295.1272,14.4332
9.600000,300.0000,0.0000,289.8040,8.1151,350.3338,16.0624,285.8168,8.9284
9.700000,300.0000,0.0000,300.1373,7.2235,336.3744,23.0858,271.4127,11.8328
9.800000,300.0000,0.0000,294.2532,7.3489,359.8963,31.3803,282.5184,11.6529
9.900000,300.0000,0.0000,291.3482,8.7407,380.2402,15.0841,287.4494,13.7541
10.000000,298.6094,0.7553,319.2492,8.3429,362.5144,16.4298,285.3244,7.9364
10.100000,297.5804,0.2508,462.2261,66.0836,813.8772,351.1095,287.7920,9.4218
10.200000,295.7763,0.7855,591.4475,145.8035,1160.3559,582.3033,278.5710,9.9932
10.300000,294.1592,3.1972,530.9843,119.9083,1605.3698,854.6053,278.9512,26.1901
10.400000,291.8042,4.7967,596.4559,174.7277,991.0793,334.6210,269.4437,21.0969
10.500000,290.8581,6.9424,553.4167,212.7220,1057.3864,79.6850,281.7538,27.5621
10.600000,288.2317,7.8997,570.6806,225.3331,726.5125,155.4424,263.1835,18.1089
10.700000,286.2014,8.3319,544.9064,221.4668,892.5587,326.4339,266.7726,13.2842
10.800000,283.6468,9.3660,420.8441,72.5905,1649.9297,995.2782,259.3964,19.6129
10.900000,281.2412,10.3117,424.0211,74.2460,1510.8506,840.1438,258.4473,19.4581
11.000000,277.8167,10.5622,415.6916,32.3270,1299.1597,673.8760,245.1427,13.0879
11.100000,276.1997,12.2992,729.2072,82.5212,918.5356,281.6344,260.8420,29.9241
11.200000,274.1060,13.3107,433.8118,122.8446,1282.4435,520.0990,254.4066,23.6136
11.300000,272.5836,14.5960,711.9478,65.9980,789.1316,314.6724,257.9930,26.9608
11.400000,270.5539,15.6055,498.7935,211.6968,1435.6172,421.5758,251.2474,25.8070
11.500000,266.9888,16.6783,591.5681,33.8700,934.3656,398.9125,232.9716,27.1965
11.600000,265.3552,17.8430,631.7590,220.2550,1022.9403,206.2882,250.0223,28.7715
11.700000,263.5060,19.4420,360.2134,9.5350,1287.8594,398.5900,245.8694,36.2487
11.800000,260.5098,20.5203,683.8291,158.2987,832.6694,285.5697,231.9327,30.9466
11.900000,257.3921,20.9151,346.9357,44.8751,1430.3884,409.8588,227.9601,24.7231
12.000000,255.1419,21.4126,618.6855,96.6822,755.7240,334.0541,233.7132,26.4466
12.100000,252.4211,22.3969,364.7841,56.8887,1284.0954,254.4482,226.4453,31.8021
12.200000,249.7961,23.2513,462.7134,72.9418,995.6327,457.6075,225.0179,31.2288
12.300000,246.7190,24.2800,513.2348,114.0594,931.7460,244.9161,217.4080,34.5105
12.400000,243.9064,24.2875,358.1993,19.3818,1177.8241,385.3646,217.0179,24.4809
12.500000,241.2927,24.5907,545.4306,113.9494,724.8360,210.4587,216.5796,27.6976
12.600000,238.8796,25.4371,285.9361,12.0110,1234.7294,279.6364,215.9341,33.9916
12.700000,236.5089,26.3893,531.7998,82.2052,709.7352,304.5606,213.8535,35.8143
12.800000,233.5480,27.7456,354.7951,69.9346,1053.6983,136.5283,205.5431,40.5895
12.900000,230.9821,28.2290,401.4360,41.2337,985.5731,353.9774,206.5224,33.0651
13.000000,228.5035,29.1248,396.9899,57.2277,816.6243,122.4733,204.8158,37.6730
13.100000,225.8863,29.7114,316.0669,58.3994,1081.6843,343.9866,201.1705,35.4011
13.200000,223.6754,30.6565,464.7143,83.3956,675.1803,244.2447,202.6392,40.0118
13.300000,221.4747,30.6452,264.9821,9.6200,1143.1536,229.3782,200.4452,30.7422
13.400000,219.3973,31.5342,419.5733,67.6678,804.2804,351.9744,199.7361,40.5412
13.500000,216.6875,32.5568,314.8302,28.7932,842.4728,88.2219,190.8449,42.6248
13.600000,214.1649,33.0170,374.4553,58.5055,924.7444,326.2649,190.0510,37.8908
13.700000,211.8260,33.3775,360.3377,75.1604,727.2851,116.8602,189.7103,36.6687
13.800000,209.7392,33.8951,278.2350,25.0426,1058.7331,192.7307,189.8719,39.1053
13.900000,207.7492,34.7517,383.7698,62.9798,610.3100,162.8975,188.7289,42.9228
14.000000,205.9633,35.5930,272.0269,13.3023,856.2500,28.4073,189.1233,43.4569
14.100000,204.0489,37.0556,358.3893,70.8937,800.1917,294.4854,185.8012,51.3134
14.200000,202.1311,38.0784,264.4375,12.1530,789.4223,29.6943,183.8053,47.8782
14.300000,200.5151,38.9562,304.0514,58.0228,858.3249,246.5158,185.3000,47.2053
14.400000,197.9181,39.0740,314.5203,44.4636,596.0462,104.0568,173.1702,40.2592
14.500000,195.5279,39.3857,271.9790,35.9424,909.1436,131.2660,172.6785,42.3590
14.600000,193.1629,39.6899,315.4317,62.8156,731.2033,238.3091,170.8039,42.5131
14.700000,190.5636,39.9084,249.5613,14.0671,774.2977,3.8515,165.8415,42.1300
14.800000,188.5329,40.3392,309.8761,63.0144,708.9514,209.8475,169.1018,44.4522
14.900000,186.9188,41.0505,253.9551,21.5236,648.1527,39.7172,171.6896,47.6898
15.000000,184.6695,41.5324,274.8428,43.8556,829.2854,128.0790,163.2406,46.2091
15.100000,182.6450,41.9521,260.1438,36.3174,623.8425,124.2485,163.2891,45.9988
15.200000,181.1166,42.2284,250.4311,34.2615,734.8025,26.9305,166.7093,44.8729
15.300000,179.5526,42.4594,274.7040,55.6971,631.6204,184.5791,164.6792,44.7495
15.400000,177.8360,42.6063,236.4268,23.2157,703.5743,24.2343,161.4404,44.0918
15.500000,175.6513,42.6483,264.8981,50.8070,726.7251,183.4832,154.9585,43.0552
15.600000,173.9549,42.6479,231.5943,28.3168,610.5037,73.4156,157.8124,42.7731
15.700000,172.2284,42.8349,258.9951,42.3703,708.9311,67.3509,155.7323,44.7007
15.800000,170.6539,43.4431,237.5415,38.9744,605.7066,145.6239,155.7853,49.2766
15.900000,169.2125,43.7098,231.9599,26.9785,695.7035,29.5109,155.4594,46.4516
16.000000,167.4869,43.4364,235.9719,52.5469,636.2549,170.6917,151.0122,40.8718
16.100000,165.8618,43.5820,220.8904,26.6255,618.8319,43.6975,150.4790,44.9671
16.200000,164.0907,43.3365,243.5600,45.0693,651.8716,88.3531,147.2334,41.4594
16.300000,162.3493,43.0038,217.3751,33.9582,577.5122,72.5353,145.7084,39.8308
16.400000,160.5425,42.8855,230.7672,37.1831,652.1051,54.2854,143.4272,41.6717
16.500000,159.4190,42.9348,207.0049,43.9839,590.3267,149.2505,148.7441,43.5149
16.600000,157.6630,42.5764,223.1082,29.7930,592.9363,40.1887,140.9138,39.2727
16.700000,156.1273,42.5874,212.8089,40.8340,572.7549,119.5274,141.5783,42.6799
16.800000,154.6556,42.3381,203.1139,35.5056,572.9739,38.3746,140.6517,40.0920
16.900000,153.2099,42.2822,206.8247,40.3862,612.2621,63.1215,139.3950,41.8241
17.000000,151.7052,42.2155,192.9533,41.6541,577.5415,110.9723,137.4727,41.5237
17.100000,150.4734,42.3019,205.2575,27.8623,548.7744,47.5121,138.7612,43.2345
17.200000,149.1759,42.4589,185.2949,39.4330,547.7923,127.8436,136.7809,43.9814
17.300000,147.9398,42.6774,190.3095,27.2192,557.2228,23.8150,136.2629,44.7318
17.400000,146.0787,42.1116,186.6701,38.3535,568.5266,73.9194,128.3637,36.7991
17.500000,144.1319,41.5913,191.9536,32.3688,492.2764,49.0543,125.5331,36.6404
17.600000,142.4104,41.0571,192.9820,32.0700,501.0512,48.6762,126.0995,35.8936
17.700000,140.9767,41.0883,175.7600,37.7748,511.4429,100.5489,127.3715,41.5988
17.800000,139.4782,40.9492,182.7753,27.8950,529.4307,18.4227,125.1622,39.7074
17.900000,137.7496,40.4948,175.0121,40.3010,511.3517,86.2693,121.3842,36.1373
18.000000,136.6508,40.4791,177.0182,30.8468,466.7199,28.2714,126.2356,40.5080
18.100000,135.2535,40.2955,169.5402,35.9369,500.5568,61.1249,121.9168,38.5708
18.200000,133.7266,40.0972,166.6268,37.9103,501.9312,61.6922,119.2589,38.2227
18.300000,132.6413,40.3645,165.6830,25.1474,497.6812,25.2328,122.3254,43.1530
18.400000,131.2745,40.1294,164.2230,39.8182,457.3657,74.7011,118.2275,38.0762
18.500000,130.0318,40.2805,170.6298,28.6819,452.6023,28.5450,118.2779,41.8205
18.600000,128.3320,39.6679,163.2178,41.1907,468.5896,58.0947,112.1489,33.9032
18.700000,126.8212,39.4767,167.7504,37.5322,467.4348,47.6427,112.3757,37.6759
18.800000,125.5296,39.4974,161.0306,30.5196,442.1312,33.4444,113.3147,39.6904
18.900000,124.4034,39.5445,160.6280,41.1980,439.2693,58.9922,113.6873,40.0762
19.000000,123.4126,39.5356,158.4066,30.7019,437.6644,44.4130,113.9386,39.4568
19.100000,122.3962,39.5329,150.1709,39.3792,450.8719,47.3901,112.7771,39.4465
19.200000,121.0819,39.1864,157.3028,38.5080,442.6920,48.0798,108.5854,35.9673
19.300000,120.0986,39.0754,147.8516,36.5790,412.9892,38.9017,110.6873,38.0071
19.400000,119.1322,39.1692,148.5739,37.2792,432.1206,40.8493,109.9843,40.0141
19.500000,118.1672,39.0614,145.9539,30.4356,417.0090,52.1576,108.9840,38.1194
19.600000,117.3449,39.1786,145.7763,42.0993,429.7505,46.8689,109.4807,40.3055
19.700000,116.5173,39.3950,145.3367,35.2056,415.4013,36.9203,108.6976,41.4610
19.800000,115.4204,39.2045,145.3685,42.0153,386.8308,43.4606,104.9719,37.4289
19.900000,114.6549,39.3283,142.9554,37.4324,404.2638,28.6571,107.3247,40.4973
20.000000,113.6825,39.3827,153.0502,30.9711,382.1102,48.9664,104.4805,39.8643
20.100000,112.7625,39.2404,267.4915,7.0661,814.7747,100.3856,104.0046,37.9380
20.200000,111.6407,38.9616,260.4251,23.9975,1813.6376,280.2853,101.0151,36.3576
20.300000,110.6404,38.9895,339.6189,50.6293,1210.4595,674.7057,101.0747,39.2507
20.400000,109.1220,38.3639,305.5632,27.9033,1077.9423,257.6146,94.7013,32.6203
20.500000,107.9356,38.2285,311.5325,18.8969,779.5920,235.4981,96.7046,37.1192
20.600000,106.2451,37.5772,290.4550,55.9507,735.2257,88.0420,90.1157,31.3945
20.700000,104.9514,37.2759,273.1275,45.7550,743.1706,147.6366,92.6889,34.3430
20.800000,103.4737,36.8968,254.0367,19.1056,948.9356,140.8854,89.4367,33.3970
20.900000,102.2508,36.7499,245.3004,15.6894,956.5976,251.2625,90.5539,35.3480
21.000000,101.0317,36.6289,216.9464,57.6259,1284.5020,500.9033,89.4922,35.4098
21.100000,99.7065,35.9155,619.9045,91.3606,897.6360,261.0731,87.1653,29.2254
21.200000,98.5837,35.4462,225.7255,69.2318,1185.0160,418.3090,87.8224,31.1099
21.300000,97.2678,34.8346,607.8449,97.3569,656.6831,217.9970,84.7438,29.0448
21.400000,95.9141,34.2553,353.0820,142.6048,1176.3199,221.7838,83.0410,28.7530
21.500000,94.4409,33.6179,440.3481,94.6700,838.0186,308.4989,80.4554,27.7109
21.600000,93.1654,33.1628,533.5467,178.6150,800.2417,63.2682,81.0285,28.8953
21.700000,91.9690,32.7346,180.5610,45.1320,1211.3366,284.3687,80.6317,28.6178
21.800000,90.4993,32.0901,609.2391,162.6029,585.3557,87.5925,76.4683,25.9596
21.900000,89.0036,31.3557,152.3916,17.5004,1215.0593,284.9301,74.8197,24.5054
22.000000,87.4854,30.7028,495.8225,154.2502,653.2077,263.7093,73.0785,24.4579
22.100000,86.1006,30.1930,241.0215,54.4156,884.5686,309.0542,72.8628,25.3155
22.200000,84.6668,29.5411,328.5178,63.7661,946.7130,191.2562,71.0655,23.4460
22.300000,83.3485,29.1051,423.2495,107.0957,535.3619,90.4929,70.8415,24.9547
22.400000,81.9084,28.5604,189.3838,55.1410,1006.6313,217.9700,68.1535,23.4520
22.500000,80.5802,28.1186,458.2197,142.8854,409.8014,61.5485,67.9799,24.0540
22.600000,79.3499,27.6099,146.6028,13.2418,802.4616,284.3544,67.6910,22.7281
22.700000,78.2158,27.2438,389.5475,129.8030,664.7874,223.4131,67.3743,23.7518
22.800000,76.8130,26.6084,207.2785,53.9099,550.2535,59.1721,63.4955,20.6528
22.900000,75.5872,26.0840,237.5434,73.2871,856.6358,201.3420,63.9602,21.0210
23.000000,74.5800,25.8077,277.9401,61.3021,427.2054,64.1110,64.9463,23.1956
23.100000,73.3419,25.3222,156.8971,3.0493,863.3086,204.8770,61.5835,20.7893
23.200000,72.1982,24.8726,321.8357,110.2312,569.7081,190.6533,61.3539,20.5288
23.300000,71.1650,24.5038,130.6040,26.1108,611.5201,213.5328,61.2875,21.0237
23.400000,70.0979,24.0314,281.1560,91.1865,687.7850,198.8418,59.9701,19.6254
23.500000,68.9032,23.3958,177.9645,20.2333,395.4801,73.0076,57.5669,17.2963
23.600000,67.7879,22.8919,216.9418,54.3501,724.1096,129.7761,57.1270,18.0872
23.700000,66.9189,22.5002,206.5505,69.8374,397.4009,72.4105,58.6853,18.8620
23.800000,65.8988,22.0264,140.2787,27.4846,568.0830,196.4060,56.2162,17.4742
23.900000,64.9182,21.4838,226.9447,79.6042,518.0037,180.9625,55.5467,16.3025
24.000000,63.9966,21.0456,129.1487,29.5550,405.1691,81.8907,55.2673,16.9643
24.100000,62.9616,20.3919,210.1454,58.4633,640.8374,107.2782,53.1380,14.1380
24.200000,62.0596,19.9934,126.2685,26.3753,379.2723,41.4770,53.4338,16.1736
24.300000,61.2031,19.6027,175.7301,28.1880,576.0373,163.6643,53.0850,15.9843
24.400000,60.4502,19.2651,155.1390,49.7966,452.2530,156.0646,53.3093,16.0133
24.500000,59.6679,18.8054,142.0881,27.6484,441.3087,163.1112,52.1940,14.4254
24.600000,58.8608,18.3688,156.6212,57.7316,576.2191,124.9888,51.2161,14.2857
24.700000,58.0607,17.9437,107.9978,33.8491,354.7711,28.6300,50.4642,13.8610
24.800000,57.2195,17.4815,168.9372,41.0663,511.4953,149.7646,49.1837,13.0659
24.900000,56.4062,17.1034,105.2997,34.7487,359.9560,61.5103,48.7015,13.5784
25.000000,55.6704,16.6764,150.7177,27.7767,413.3097,159.4535,48.6902,12.5705
25.100000,55.1281,16.4818,102.8681,32.9395,451.1817,113.0603,49.9373,14.6138
25.200000,54.4841,16.1639,131.2057,18.4687,301.4038,38.5562,48.3716,13.1818
25.300000,53.8979,15.9116,130.6489,28.5763,451.9133,128.3245,48.3356,13.4877
25.400000,53.2504,15.5424,99.3079,33.5889,329.5626,52.7188,47.0661,12.0227
25.500000,52.6104,15.1573,135.7570,31.5663,433.2124,100.5682,46.5485,11.5510
25.600000,52.0481,14.8822,78.8677,27.8555,397.6777,91.7384,46.7083,12.2538
25.700000,51.4891,14.5551,134.1770,25.1820,339.9696,111.6301,46.1475,11.4359
25.800000,50.9667,14.2349,81.2554,24.2305,432.8450,104.4145,46.0213,11.2413
25.900000,50.3612,13.8006,106.7921,35.9420,311.7588,34.1390,44.6091,9.6628
26.000000,49.9429,13.6019,96.2428,16.3025,398.0690,93.7296,45.9366,11.6924
26.100000,49.4595,13.4025,83.8110,20.4813,328.9132,59.2978,44.8753,11.5566
26.200000,49.0286,13.2258,116.6217,20.7176,319.2600,92.4270,44.9434,11.5340
26.300000,48.5961,13.0116,69.2845,21.4037,351.3641,69.4318,44.4639,10.9817
26.400000,48.1590,12.7840,111.4912,27.2908,288.6692,19.9928,44.0148,10.6539
26.500000,47.7004,12.5156,74.1599,14.2762,361.3872,77.2314,43.3466,9.9440
26.600000,47.3337,12.3982,93.8091,29.3366,296.9875,51.6654,43.8253,11.3110
26.700000,46.9070,12.1620,85.5017,20.2388,304.2670,82.7402,42.8551,9.9409
26.800000,46.4490,11.8428,69.4668,24.0483,316.7201,54.2152,42.0990,8.7913
26.900000,46.0830,11.7356,90.9482,17.7495,294.4104,44.4687,42.5811,10.7262
27.000000,45.7180,11.5059,59.6702,15.0675,336.3325,70.6256,42.2537,9.3473
27.100000,45.4104,11.3678,89.7079,26.5248,281.6033,41.1519,42.4878,10.0351
27.200000,45.0534,11.2119,63.4928,9.9099,293.6543,84.6486,41.6444,9.7453
27.300000,44.7442,11.0360,76.3661,17.5459,301.1139,36.6152,41.8128,9.3996
27.400000,44.3670,10.7729,75.1356,16.0595,275.8541,41.7248,40.7848,8.2583
27.500000,44.0500,10.6047,64.3531,18.9577,296.0859,44.9920,41.0180,8.9943
27.600000,43.7761,10.4770,78.1936,20.6703,247.2145,36.4354,41.1819,9.2987
27.700000,43.5001,10.3479,57.4755,12.3519,267.7917,72.0664,40.8814,9.1056
27.800000,43.1448,10.1513,75.0323,20.7940,279.8012,23.4523,39.7539,8.2775
27.900000,42.8893,10.0313,57.9945,16.1758,259.9721,33.8916,40.4723,8.9213
28.000000,42.6005,9.8619,67.5876,17.9930,276.9103,41.3470,39.8589,8.2478
28.100000,42.4038,9.7741,61.9394,13.7250,245.4673,39.4784,40.5201,8.9309
28.200000,42.1313,9.6027,60.3900,12.7780,271.5484,53.1488,39.5462,7.9981
28.300000,41.8845,9.4649,66.5466,18.7746,263.3788,20.5006,39.5406,8.1401
28.400000,41.7143,9.4199,54.3911,14.3316,255.7687,47.7078,40.0848,9.0065
28.500000,41.4376,9.2368,65.5056,16.2603,260.8019,48.6741,38.8078,7.5099
28.600000,41.1582,9.0345,55.0518,15.1516,235.3455,36.5907,38.5024,7.0970
28.700000,40.9560,8.9046,61.2494,12.4630,250.7556,43.4737,39.0195,7.6617
28.800000,40.7453,8.7783,52.9312,15.9701,253.3815,20.2057,38.7511,7.5955
28.900000,40.5265,8.6147,55.3924,14.5594,239.4525,30.1617,38.4485,7.0475
29.000000,40.3013,8.4453,56.5727,12.2771,238.9958,35.9519,38.1489,6.8258
29.100000,40.1225,8.3142,52.5815,11.4560,223.9494,22.5759,38.4338,7.0896
29.200000,39.8970,8.1156,58.5049,12.0424,240.0072,29.8929,37.7530,6.2170
29.300000,39.6917,7.9655,48.1593,13.0621,240.3916,11.7862,37.7288,6.5337
29.400000,39.5527,7.8190,56.8697,9.9544,218.3127,25.4822,38.2401,6.4538
29.500000,39.3060,7.6492,50.5683,9.5604,234.6615,29.8995,36.9574,6.0271
29.600000,39.1134,7.5039,53.5421,11.5852,221.0121,16.3800,37.2706,6.1138
29.700000,38.9291,7.3351,49.6656,12.5563,236.8141,16.4609,37.1853,5.7593
29.800000,38.7715,7.2191,46.0430,12.2630,235.2198,10.1988,37.2708,6.1069
29.900000,38.6221,7.1206,53.6601,9.2634,214.2519,24.7220,37.1935,6.1806
30.000000,38.4929,6.9942,65.5805,7.9689,226.8856,21.9012,37.2704,5.8070
30.100000,38.3623,6.8353,210.2899,98.8904,837.0938,734.2409,37.1117,5.3285
30.200000,38.2114,6.7116,159.3310,48.7821,2177.8862,1935.4121,36.7767,5.5368
30.300000,38.0684,6.5229,330.8492,279.4444,715.1887,331.3274,36.7194,4.7516
30.400000,37.9713,6.3563,332.5749,256.4375,663.5487,224.8685,37.0408,4.8160
30.500000,37.7912,6.2147,344.3164,319.8342,451.4675,130.0591,36.0772,4.8616
30.600000,37.5969,6.0623,303.0250,273.6747,666.0346,503.8367,35.7592,4.6424
30.700000,37.4453,5.8610,314.9569,248.0060,497.8557,318.8739,35.9949,3.9836
30.800000,37.2719,5.7342,281.5345,269.3712,667.0958,88.5366,35.6179,4.5348
30.900000,37.0891,5.6437,279.1999,222.5548,483.7159,154.3802,35.3590,4.8275
31.000000,36.9441,5.5297,252.1825,182.5696,543.3529,230.0618,35.5571,4.4542
31.100000,37.1721,5.1431,270.2761,170.0094,1179.0713,1215.8895,39.3471,1.8284
31.200000,37.2333,4.8478,207.0437,142.0909,777.1742,556.3809,37.8209,2.0471
31.300000,37.3019,4.6340,273.6819,167.0488,768.1699,622.9538,37.9664,2.6017
31.400000,37.2844,4.4520,189.9301,95.2672,786.2757,665.9731,37.1139,2.7491
31.500000,37.2383,4.2982,260.3220,140.9284,408.1174,98.6195,36.7981,2.9536
31.600000,37.1851,4.1210,256.2056,122.4053,826.3990,725.8116,36.6846,2.4576
31.700000,37.1063,3.9723,164.3063,54.7617,517.6250,215.4976,36.3549,2.5678
31.800000,36.9920,3.8865,254.1474,138.2680,546.7792,432.5337,35.8988,3.1236
31.900000,36.8785,3.7093,132.4988,59.0694,645.2189,528.0324,35.8066,2.0713
32.000000,36.7470,3.6070,252.5659,148.5779,412.5989,151.8124,35.4923,2.7094
32.100000,36.5862,3.5489,138.3314,66.5498,719.8166,579.6824,35.0543,3.0208
32.200000,36.4407,3.4876,167.4710,64.9394,449.6031,159.5237,35.0659,2.9768
32.300000,36.2764,3.3929,178.8720,71.8593,582.3550,501.1373,34.7077,2.5290
32.400000,36.1165,3.3572,126.9742,31.1469,578.9357,413.3779,34.5932,3.0868
32.500000,35.9177,3.2848,215.4118,118.5089,366.2910,121.1783,34.0337,2.7375
32.600000,35.7814,3.2040,83.6385,21.1368,614.1061,472.5090,34.4756,2.4664
32.700000,35.5936,3.1443,178.9379,102.9373,359.7409,157.9122,33.8055,2.6306
32.800000,35.4742,3.1194,115.8670,33.6259,499.7576,410.8113,34.3487,3.0287
32.900000,35.3319,3.0814,145.6928,59.0999,367.4074,163.1420,33.9736,2.7942
33.000000,35.1420,3.0247,141.0178,70.7989,339.7172,109.3992,33.3367,2.5115
33.100000,34.9714,3.0202,78.6326,8.7543,534.1196,382.6449,33.3601,3.0495
33.200000,34.8077,3.0005,158.4787,75.5559,312.5106,110.8880,33.2427,2.8809
33.300000,34.6537,2.9480,85.7719,14.5304,441.8767,318.0310,33.1906,2.4532
33.400000,34.4764,2.9302,140.5158,61.6530,332.4828,135.4162,32.8003,2.8035
33.500000,34.3363,2.9261,82.2461,28.8438,407.6644,219.0184,32.9951,2.9152
33.600000,34.2095,2.8875,100.9160,60.4140,444.7761,304.0526,33.0056,2.5352
33.700000,34.0856,2.8905,117.6502,49.1247,281.4404,90.5486,32.9147,2.9353
33.800000,33.9636,2.9065,77.8938,23.9981,392.4662,262.7439,32.7976,3.0754
33.900000,33.8282,2.9074,106.9265,40.1201,311.4501,75.1616,32.5421,2.9072
34.000000,33.6784,2.8553,64.0038,13.1903,360.8508,169.8644,32.2608,2.3991
34.100000,33.5396,2.8650,105.4482,46.0215,337.9488,176.8977,32.2137,2.9923
34.200000,33.3992,2.8705,79.1479,34.2928,259.1361,80.8777,32.0652,2.9131
34.300000,33.2785,2.8516,82.8405,35.8715,345.4061,202.9712,32.1369,2.6848
34.400000,33.1738,2.8509,81.0249,32.6784,268.8676,39.6867,32.1732,2.8633
34.500000,33.0520,2.8636,74.3212,33.1184,311.0078,148.1365,31.8945,2.9823
34.600000,32.9489,2.8492,88.4335,29.2533,302.0749,140.6333,31.9729,2.7194
34.700000,32.8581,2.8554,62.2467,12.2995,254.5073,83.0662,31.9903,2.9213
34.800000,32.7269,2.8582,75.9185,26.5877,325.1121,158.5546,31.4796,2.8859
34.900000,32.5921,2.8312,61.3622,22.4208,252.7055,32.9029,31.3164,2.5921
35.000000,32.4815,2.8046,72.3167,36.4969,319.1476,162.2011,31.4236,2.5594
35.100000,32.3777,2.8168,61.1848,15.6249,275.9707,121.4873,31.3895,2.9375
35.200000,32.2589,2.8089,62.7432,17.8714,244.3353,69.1227,31.1328,2.7411
35.300000,32.1791,2.7784,65.8983,14.2263,279.0312,105.7424,31.4152,2.5107
35.400000,32.0949,2.7801,58.3839,15.7070,235.4167,38.8460,31.2924,2.8023
35.500000,31.9858,2.7640,67.5039,28.6028,290.0816,136.5197,30.9520,2.6473
35.600000,31.9284,2.7596,51.3623,10.2651,218.3916,51.2802,31.3779,2.7256
35.700000,31.8780,2.7539,63.9388,23.2656,243.0895,50.5091,31.3979,2.7061
35.800000,31.7827,2.7513,52.5281,8.5102,260.6245,87.4231,30.8791,2.7597
35.900000,31.6737,2.7315,56.1534,19.5394,243.6702,54.7086,30.6329,2.5570
36.000000,31.6061,2.7131,52.3412,5.9573,252.6829,114.6647,30.9625,2.5330
36.100000,31.5406,2.7180,48.1113,4.4473,207.3548,46.2168,30.9222,2.7773
36.200000,31.4596,2.7174,56.7588,15.5661,246.3182,66.8958,30.6859,2.7282
36.300000,31.3912,2.6979,44.2906,4.4638,235.0020,57.7303,30.7419,2.5091
36.400000,31.3446,2.6887,54.4516,19.9481,229.2256,47.2744,30.9063,2.6258
36.500000,31.2921,2.6939,43.4872,1.7886,227.1523,87.8192,30.7909,2.7454
36.600000,31.2454,2.6851,50.5668,13.7460,213.6217,32.1431,30.8015,2.5995
36.700000,31.1965,2.6726,47.9795,7.6187,233.0350,52.4854,30.7341,2.5811
36.800000,31.1415,2.6778,42.8627,6.5115,220.3204,41.4504,30.6158,2.7315
36.900000,31.0681,2.6673,48.9401,10.8821,213.6005,51.6421,30.3708,2.5676
37.000000,31.0331,2.6629,39.0284,0.5089,214.2704,66.4621,30.7043,2.6270
37.100000,30.9804,2.6523,50.6533,11.5746,204.0406,28.2875,30.4783,2.5536
37.200000,30.9352,2.6578,39.5224,4.6521,222.7395,47.2683,30.5048,2.7184
37.300000,30.9016,2.6459,43.6489,10.2274,208.6140,34.1906,30.5833,2.5403
37.400000,30.8853,2.6473,41.3636,4.5824,212.2572,56.7446,30.7285,2.6638
37.500000,30.8402,2.6474,41.1209,8.1768,210.4218,53.1489,30.4117,2.6617
37.600000,30.7976,2.6461,44.9542,7.0194,202.1265,25.1424,30.3950,2.6428
37.700000,30.7310,2.6046,36.1988,2.4123,216.0019,41.9719,30.0955,2.2294
37.800000,30.6837,2.6072,43.2580,9.9169,194.4822,34.6495,30.2310,2.6328
37.900000,30.6288,2.6054,36.1664,1.3503,210.7093,53.2413,30.1085,2.5968
38.000000,30.6018,2.5923,42.3153,6.7177,188.0345,22.8686,30.3430,2.4681
38.100000,30.5735,2.5897,37.3532,4.2795,201.2741,17.9185,30.3030,2.5789
38.200000,30.5274,2.5894,35.9800,4.6513,206.5907,38.1085,30.0911,2.5884
38.300000,30.5014,2.5791,39.6734,5.5078,191.6728,33.2055,30.2523,2.4892
38.400000,30.4817,2.5625,34.9307,3.8241,204.0378,48.9164,30.2934,2.4255
38.500000,30.4477,2.5652,40.8129,5.4586,182.5481,21.0786,30.1261,2.5936
38.600000,30.4135,2.5607,32.5765,1.1228,209.9830,32.5173,30.0869,2.5314
38.700000,30.3625,2.5249,37.4089,8.3577,187.8030,40.8950,29.8769,2.2286
38.800000,30.3342,2.5250,35.3295,2.0934,187.5299,36.9139,30.0703,2.5389
38.900000,30.2783,2.5155,34.9820,3.8540,192.1477,36.6500,29.7449,2.4282
39.000000,30.2495,2.4984,35.8522,2.2391,181.1615,10.2529,29.9758,2.3370
39.100000,30.2235,2.4824,30.9834,2.0178,201.3983,27.3625,29.9781,2.3328
39.200000,30.2135,2.5003,36.3733,5.7478,176.0829,34.8400,30.1177,2.6770
39.300000,30.1917,2.4908,32.9517,1.6134,185.4493,22.8179,29.9855,2.4001
39.400000,30.1781,2.4770,34.3929,4.6254,183.8456,26.9051,30.0505,2.3532
39.500000,30.1440,2.4755,33.5326,1.2933,179.0178,10.5151,29.8194,2.4640
39.600000,30.1021,2.4655,32.7321,4.9877,193.7210,31.0046,29.7041,2.3697
39.700000,30.0733,2.4494,34.9601,4.0409,175.1443,30.0163,29.8011,2.3227
39.800000,30.0584,2.4453,31.5350,2.7230,187.3457,27.7378,29.9159,2.4049
39.900000,30.0418,2.4575,33.3525,2.7145,184.7351,26.6107,29.8832,2.5786
40.000000,30.0223,2.4420,43.1757,6.1767,177.0188,9.9125,29.8368,2.2979
40.100000,30.0543,2.4219,175.8067,105.5801,623.7545,339.8397,30.3586,2.2429
40.200000,30.0486,2.4254,140.8616,76.5804,1856.8893,1373.2111,29.9930,2.4610
40.300000,30.0679,2.3768,306.7071,205.0568,431.1666,223.4434,30.2513,1.9308
40.400000,30.0848,2.3271,270.9884,179.1851,561.7425,280.7657,30.2442,1.8624
40.500000,30.0404,2.3100,286.2452,203.8357,481.6986,222.4789,29.6179,2.1764
40.600000,30.0076,2.2818,215.1181,147.1181,323.5533,146.8370,29.6986,2.0687
40.700000,29.9766,2.2275,226.8764,165.5203,298.4433,164.8432,29.6805,1.7896
40.800000,29.9795,2.1775,143.3716,101.1744,1079.3272,665.5819,30.0055,1.7160
40.900000,29.9130,2.1737,117.9413,64.0498,1097.4521,1064.9477,29.2840,2.2514
41.000000,29.8690,2.1244,147.9366,80.4405,522.5097,384.8838,29.4495,1.7560
41.100000,29.9829,2.1572,607.5390,419.6050,902.4400,778.9715,31.0699,2.7006
41.200000,30.0359,2.1499,161.6073,98.4489,595.6209,506.2377,30.5456,2.1220
41.300000,30.0882,2.1527,509.5077,362.2563,407.4718,302.1174,30.5826,2.1941
41.400000,30.1303,2.1911,278.7178,175.1755,896.7464,832.7970,30.5339,2.5930
41.500000,30.1469,2.2043,525.5734,388.5071,216.6132,82.3870,30.3046,2.3383
41.600000,30.2161,2.1891,513.7847,351.8396,880.1100,744.2667,30.8746,2.0606
41.700000,30.2133,2.2193,142.8104,87.5343,958.6108,913.4563,30.1845,2.5114
41.800000,30.1857,2.2250,772.0735,558.5373,360.3038,237.0263,29.9224,2.2878
41.900000,30.2317,2.2144,58.7089,22.3162,1070.6799,1026.2563,30.6670,2.1255
42.000000,30.1959,2.2137,710.1948,520.7979,169.2001,21.1012,29.8584,2.2140
42.100000,30.1472,2.2386,267.4459,167.9096,746.6146,627.1801,29.6871,2.4765
42.200000,30.1313,2.2363,396.2599,291.0683,622.7299,481.3075,29.9782,2.2496
42.300000,30.1067,2.2185,325.9608,212.2873,522.4865,440.5922,29.8713,2.0901
42.400000,30.0611,2.2503,90.4699,47.4060,888.3857,815.9326,29.6299,2.5627
42.500000,30.0413,2.2741,543.5438,384.8234,163.1268,19.8765,29.8509,2.5123
42.600000,30.0505,2.2515,58.0492,23.7745,870.6672,724.7972,30.1372,2.0646
42.700000,30.0035,2.2653,434.4009,307.3884,532.0654,383.6913,29.5553,2.4021
42.800000,29.9553,2.2801,138.3569,76.8718,459.4286,357.6932,29.4960,2.4385
42.900000,29.9284,2.2699,354.5455,245.7422,550.0052,416.6357,29.6700,2.2106
43.000000,29.8865,2.2804,339.3375,228.0012,168.6924,15.7917,29.4908,2.4126
43.100000,29.8248,2.3029,126.4688,77.4541,734.1344,569.1600,29.2356,2.5209
43.200000,29.8026,2.3266,330.6205,219.9921,269.1718,150.5560,29.5887,2.6235
43.300000,29.7655,2.3151,70.8179,31.9375,401.1469,286.1410,29.4149,2.2423
43.400000,29.7309,2.3476,335.5520,225.4739,467.3483,330.1329,29.3998,2.6717
43.500000,29.6981,2.3672,85.4898,45.8409,292.0660,128.0252,29.3840,2.5552
43.600000,29.6758,2.3386,194.1645,126.0677,610.4427,435.9704,29.4676,2.1113
43.700000,29.6485,2.3539,181.9295,110.1966,255.1891,137.0374,29.3883,2.5077
43.800000,29.5797,2.3602,163.7277,103.6817,461.1933,324.9143,28.9243,2.4354
43.900000,29.5363,2.3332,255.5268,163.2227,402.3240,260.2512,29.1294,2.0846
44.000000,29.5007,2.3332,76.8468,44.7708,274.5414,109.2801,29.1605,2.3617
44.100000,29.4419,2.3555,227.3661,142.6993,504.3243,351.1801,28.8802,2.5814
44.200000,29.4121,2.3710,88.1973,41.6894,246.8174,124.6503,29.1353,2.5291
44.300000,29.4024,2.3673,193.7327,123.9364,390.6318,248.5018,29.3084,2.3852
44.400000,29.3545,2.3770,94.4075,45.5422,276.4968,122.9184,28.8989,2.4910
44.500000,29.3120,2.3890,106.8153,65.8597,259.0393,98.5423,28.9128,2.5200
44.600000,29.2967,2.3773,148.3653,84.8022,428.3281,271.7332,29.1487,2.3023
44.700000,29.2685,2.3769,91.3518,51.4397,194.2385,78.8523,29.0001,2.3776
44.800000,29.2214,2.3989,179.5145,109.7952,346.9528,193.7670,28.7758,2.6185
44.900000,29.2023,2.4211,53.8148,18.3581,260.8748,105.3473,29.0188,2.6849
45.000000,29.1762,2.4220,159.7043,96.9151,336.4524,161.3782,28.9267,2.4601
45.100000,29.1224,2.4444,80.5536,34.5081,384.6596,223.6429,28.6135,2.6674
45.200000,29.0977,2.4660,116.6715,67.0530,195.6126,74.0202,28.8598,2.6869
45.300000,29.1177,2.4839,91.1785,42.5617,337.8107,161.8741,29.3068,2.6756
45.400000,29.0828,2.4936,53.3789,20.1928,248.6257,94.7818,28.7497,2.5894
45.500000,29.0593,2.5100,131.2174,74.0798,302.6303,126.4562,28.8340,2.6672
45.600000,29.0405,2.5015,43.7880,8.9509,265.3895,132.7817,28.8605,2.4316
45.700000,28.9991,2.4907,124.9465,70.1729,193.6848,67.8062,28.6077,2.3973
45.800000,28.9609,2.5050,49.8652,12.2329,298.7671,124.0384,28.5958,2.6411
45.900000,28.9413,2.5309,103.0807,55.8631,231.1554,76.5346,28.7529,2.8050
46.000000,28.9179,2.5322,89.4882,43.4532,272.7596,100.2160,28.6974,2.5676
46.100000,28.8906,2.5555,54.4834,18.6267,250.7288,118.6210,28.6298,2.7852
46.200000,28.8682,2.5697,97.6566,48.0085,207.8439,52.2935,28.6536,2.7095
46.300000,28.8689,2.5753,34.0611,4.4153,262.5744,90.8437,28.8777,2.6454
46.400000,28.8494,2.5713,98.6359,49.5992,222.1482,68.2690,28.6645,2.5353
46.500000,28.8292,2.5915,36.1673,4.8953,258.0459,98.4185,28.6358,2.7848
46.600000,28.8060,2.5823,67.7421,27.3093,235.6612,99.4978,28.5877,2.5101
46.700000,28.7985,2.5934,64.8384,24.1274,195.2927,38.2401,28.7262,2.7127
46.800000,28.7628,2.6064,53.7341,18.9297,261.4354,87.3087,28.4230,2.7307
46.900000,28.7424,2.6236,81.1556,35.8481,219.5411,63.7179,28.5517,2.8038
47.000000,28.7346,2.6194,34.0731,3.3914,232.5103,69.3878,28.6595,2.5846
47.100000,28.7197,2.6271,79.4771,32.8475,197.3558,56.3064,28.5777,2.7006
47.200000,28.7076,2.6472,43.5328,8.2215,186.5059,28.9247,28.5938,2.8403
47.300000,28.7061,2.6376,61.1579,23.1784,238.7893,65.2176,28.6912,2.5494
47.400000,28.6896,2.6257,44.1221,10.0582,199.6137,54.1035,28.5325,2.5126
47.500000,28.6669,2.6299,40.9492,8.9646,216.7771,55.7369,28.4524,2.6701
47.600000,28.6572,2.6349,60.5801,19.6893,192.9378,51.8026,28.5644,2.6883
47.700000,28.6440,2.6266,36.7335,7.9879,206.7317,28.3658,28.5182,2.5503
47.800000,28.6241,2.6498,58.4450,21.2473,231.5926,54.7603,28.4361,2.8731
47.900000,28.6207,2.6639,33.6559,2.9939,193.9076,45.3952,28.5869,2.7981
48.000000,28.6136,2.6553,56.9923,18.8289,199.2459,42.2145,28.5461,2.5776
48.100000,28.5928,2.6483,44.5837,7.5515,188.0168,43.0607,28.3958,2.5850
48.200000,28.5922,2.6643,42.8123,12.1484,200.3195,22.9318,28.5851,2.8158
48.300000,28.5951,2.6568,42.8368,8.2659,210.4120,51.2545,28.6226,2.5874
48.400000,28.5709,2.6359,32.4767,1.5223,189.6747,42.5244,28.3406,2.4388
48.500000,28.5537,2.6497,50.8263,14.1021,196.2586,37.0589,28.3891,2.7794
48.600000,28.5464,2.6553,31.4672,1.7851,190.4821,30.2471,28.4765,2.7105
48.700000,28.5496,2.6687,45.3001,12.5585,196.0168,19.8778,28.5803,2.8051
48.800000,28.5409,2.6917,32.8705,3.2146,208.8989,44.2622,28.4589,2.9138
48.900000,28.5338,2.6989,43.8385,9.7329,180.7153,27.9093,28.4659,2.7688
49.000000,28.5450,2.6884,42.6684,7.3413,187.8397,29.8805,28.6521,2.5895
49.100000,28.5463,2.6805,32.9607,1.9318,189.3440,25.4279,28.5588,2.6078
49.200000,28.5155,2.6580,41.1097,7.8141,202.5783,24.4470,28.2226,2.4484
49.300000,28.5311,2.6584,28.6405,3.1489,200.4485,36.6265,28.6829,2.6649
49.400000,28.5255,2.6472,42.9887,9.1012,175.3466,23.6025,28.4729,2.5410
49.500000,28.5010,2.6529,30.1847,1.5245,189.9927,32.3742,28.2684,2.7074
49.600000,28.4930,2.6607,35.2958,3.9236,185.4608,22.5040,28.4185,2.7359
49.700000,28.4924,2.6606,34.1123,3.6861,194.7974,21.4943,28.4865,2.6640
49.800000,28.4741,2.6557,33.4516,1.5241,181.8996,38.1125,28.2999,2.6086
49.900000,28.4499,2.6466,39.9664,5.9341,173.9886,24.8688,28.2219,2.5613
50.000000,28.4661,2.6537,48.2820,13.7010,182.2885,26.9717,28.6184,2.7228
50.100000,28.5091,2.6017,204.3739,131.2608,937.7432,541.2513,28.9176,2.1088
50.200000,28.5231,2.5854,231.3972,156.7570,1936.0331,1279.2484,28.6589,2.4446
50.300000,28.6001,2.5459,389.4204,246.9838,349.4331,187.0426,29.3342,2.1835
50.400000,28.6488,2.4509,349.5523,228.4075,630.6812,374.2886,29.1145,1.5456
50.500000,28.6543,2.4171,408.8806,282.2701,319.5096,109.0191,28.7025,2.1059
50.600000,28.6694,2.4014,299.4643,210.2063,523.7875,478.5267,28.8140,2.2561
50.700000,28.7062,2.3342,322.0964,217.8602,343.8549,133.9842,29.0563,1.7193
50.800000,28.7596,2.2365,220.6764,145.5420,1122.7477,678.1675,29.2696,1.3328
50.900000,28.7589,2.2000,279.2193,202.0139,698.3449,401.1890,28.7484,1.9747
51.000000,28.7937,2.1238,201.5383,122.8320,729.7986,662.0744,29.1284,1.7035
51.100000,29.2522,1.7945,503.3624,425.0661,1164.5403,1035.6143,33.6078,1.3324
51.200000,29.5193,1.5745,259.0279,158.6136,613.5125,372.5499,32.0690,0.5409
51.300000,29.7770,1.3781,354.9425,303.3655,696.5979,663.2860,32.2134,0.4743
51.400000,29.9167,1.2472,331.4653,214.0349,641.2582,350.8792,31.2692,0.1251
51.500000,30.0618,1.1121,327.8033,288.1673,400.2968,320.5289,31.4347,0.2379
51.600000,30.2115,0.9896,567.8468,402.6965,587.3367,367.5284,31.6329,0.2091
51.700000,30.3039,0.9272,149.9490,96.8330,688.0508,405.0084,31.1894,0.3289
51.800000,30.3684,0.8676,545.4262,450.8417,579.2770,418.9240,30.9773,0.3245
51.900000,30.4599,0.8080,139.2827,95.2168,712.5461,394.1126,31.3287,0.2409
52.000000,30.4966,0.7813,504.7020,421.0704,349.6347,274.7937,30.8501,0.5335
52.100000,30.4722,0.7749,233.6029,173.8689,620.0120,338.5422,30.2382,0.7208
52.200000,30.4932,0.7577,213.4627,168.9785,607.8143,337.4712,30.6949,0.6034
52.300000,30.4899,0.7637,380.2192,267.8579,479.9749,313.2536,30.4593,0.8637
52.400000,30.4570,0.7895,153.2571,113.5182,571.1909,293.7788,30.1443,1.0356
52.500000,30.4258,0.7968,455.5809,356.4256,300.3171,215.7237,30.1286,0.8924
52.600000,30.4211,0.8058,75.0747,35.1773,567.5681,306.2088,30.3756,0.8929
52.700000,30.3890,0.8452,344.5855,316.0144,444.0788,237.2151,30.0837,1.2196
52.800000,30.3407,0.8756,196.0456,120.2136,418.8595,245.9058,29.8805,1.1653
52.900000,30.3036,0.8848,228.7681,176.1753,442.0056,206.4334,29.9485,0.9742
53.000000,30.2652,0.9299,252.6797,156.2702,260.8015,162.6541,29.9015,1.3813
53.100000,30.1849,0.9909,77.0834,37.2802,499.1403,252.1803,29.4221,1.5693
53.200000,30.1065,1.0343,306.3338,222.3068,378.4677,168.1282,29.3571,1.4512
53.300000,30.0718,1.0800,86.7816,40.4040,411.6884,186.4267,29.7433,1.5105
53.400000,29.9915,1.1340,255.4569,192.9852,388.1303,165.5339,29.2279,1.6497
53.500000,29.9382,1.1798,112.2518,57.1515,280.7241,192.4247,29.4277,1.6179
53.600000,29.9067,1.2063,173.7120,161.5247,482.0840,233.3132,29.6094,1.4550
53.700000,29.8679,1.2761,198.3091,126.0947,335.7423,132.8067,29.4995,1.9422
53.800000,29.7945,1.3237,99.5511,66.1253,349.9380,127.2116,29.0940,1.7800
53.900000,29.7464,1.3713,205.0129,131.4417,281.8912,95.1989,29.2920,1.8262
54.000000,29.7031,1.4312,65.6621,24.4641,253.2967,152.3959,29.2916,2.0105
54.100000,29.6244,1.4788,194.7731,138.9908,433.3850,197.7755,28.8744,1.9356
54.200000,29.5723,1.5195,86.2126,45.9090,259.1791,120.5207,29.0795,1.9013
54.300000,29.5192,1.5464,133.8205,97.7561,316.2201,102.4567,29.0147,1.8058
54.400000,29.4569,1.5779,120.9422,62.4795,254.5448,79.8425,28.8620,1.8800
54.500000,29.4002,1.6035,98.7894,79.4852,296.4910,99.2248,28.8625,1.8535
54.600000,29.3785,1.6320,154.0135,97.2754,375.6758,156.0969,29.1719,1.9048
54.700000,29.3477,1.6763,58.8236,23.6828,221.1647,77.2512,29.0545,2.1015
54.800000,29.2732,1.7220,143.7604,99.5292,306.0507,107.4594,28.5658,2.1630
54.900000,29.2318,1.7669,67.3796,25.2456,227.8224,63.2927,28.8417,2.1977
55.000000,29.1888,1.7999,121.4348,86.4044,305.8149,120.0935,28.7774,2.1200
55.100000,29.1098,1.8268,75.9617,36.1032,317.8695,109.0155,28.3599,2.0826
55.200000,29.0504,1.8456,73.5117,41.5715,213.9271,65.7254,28.4888,2.0271
55.300000,29.0219,1.8647,109.7387,57.9977,269.7503,83.2057,28.7481,2.0477
55.400000,28.9924,1.9087,62.0913,25.0933,207.9684,52.6294,28.7125,2.3273
55.500000,28.9636,1.9418,115.3217,75.6161,288.0337,103.2000,28.6889,2.2550
55.600000,28.9394,1.9514,41.8710,11.7020,258.5123,67.4289,28.7085,2.0442
55.700000,28.8983,1.9745,104.0322,74.6931,197.7501,60.1424,28.5084,2.2018
55.800000,28.8523,2.0203,69.5812,26.6183,251.5524,69.4598,28.4158,2.4580
55.900000,28.8058,2.0269,72.7940,39.0029,220.6881,70.0616,28.3615,2.0922
56.000000,28.7898,2.0700,72.2980,30.9072,297.6633,86.0773,28.6386,2.4860
56.100000,28.7310,2.0881,39.2869,5.4664,244.3196,56.8941,28.1718,2.2582
56.200000,28.6986,2.1013,96.9116,56.6541,199.1774,57.1287,28.3876,2.2272
56.300000,28.6970,2.1204,40.9532,9.8465,234.9698,69.0475,28.6824,2.3012
56.400000,28.6578,2.1240,80.8131,44.8678,207.3743,59.0614,28.2842,2.1575
56.500000,28.6138,2.1275,42.2131,9.5282,267.8309,62.4638,28.1941,2.1617
56.600000,28.5958,2.1398,65.5353,39.3462,187.6434,34.8232,28.4246,2.2557
56.700000,28.5812,2.1793,72.1782,33.8328,191.0797,43.0560,28.4436,2.5597
56.800000,28.5382,2.2050,40.9053,8.0472,224.9530,61.4154,28.1280,2.4514
56.900000,28.5059,2.2098,67.7072,31.7542,218.4979,36.5445,28.1996,2.2535
57.000000,28.4869,2.2259,29.9295,3.0904,250.4249,50.7341,28.3080,2.3850
57.100000,28.4585,2.2480,72.8711,34.6169,175.9367,17.5747,28.1868,2.4587
57.200000,28.4257,2.2503,41.6581,10.5356,202.5056,35.1119,28.1147,2.2742
57.300000,28.4304,2.2532,49.5669,16.5288,211.6431,55.2835,28.4766,2.2841
57.400000,28.4122,2.2595,48.2846,15.3841,218.9132,39.6964,28.2400,2.3236
57.500000,28.3850,2.2787,40.1012,14.3415,222.0607,50.6877,28.1254,2.4617
57.600000,28.3871,2.2936,63.5030,26.6527,170.7347,15.2892,28.4068,2.4354
57.700000,28.3690,2.3004,31.9055,2.5474,205.7641,50.1047,28.1971,2.3710
57.800000,28.3246,2.3128,53.8632,21.7082,213.6725,44.6376,27.9026,2.4303
57.900000,28.2927,2.3102,34.2384,5.0360,216.7877,35.7583,27.9906,2.2866
58.000000,28.2749,2.2972,49.5105,16.4110,191.0611,29.5442,28.1044,2.1746
58.100000,28.2510,2.3094,44.3181,10.0099,164.8244,18.1175,28.0237,2.4241
58.200000,28.2368,2.3225,34.5503,7.2233,198.4027,37.8743,28.1014,2.4489
58.300000,28.2568,2.3337,45.9296,13.2023,199.8606,32.6520,28.4466,2.4407
58.400000,28.2420,2.3400,31.4026,4.9146,200.6224,29.3442,28.1017,2.4088
58.500000,28.2048,2.3381,49.2039,15.6940,188.1182,25.5565,27.8522,2.3188
58.600000,28.1977,2.3413,32.7910,1.9614,173.9356,28.0635,28.1284,2.3735
58.700000,28.1925,2.3510,41.0755,13.6036,205.4504,39.6765,28.1443,2.4473
58.800000,28.1579,2.3667,36.6942,4.9735,202.6200,32.6681,27.8296,2.5150
58.900000,28.1363,2.3657,35.2745,7.5100,195.8025,17.4480,27.9287,2.3598
59.000000,28.1424,2.3763,42.0220,6.7612,168.0345,21.6211,28.2010,2.4791
59.100000,28.1333,2.3908,31.1730,1.7802,173.2516,25.5082,28.0467,2.5280
59.200000,28.1265,2.3987,40.7804,9.4716,204.2767,35.9060,28.0617,2.4757
59.300000,28.1345,2.3969,29.8503,1.9664,192.9056,14.6489,28.2111,2.3800
59.400000,28.1477,2.4174,37.9202,9.0026,191.3107,16.9496,28.2730,2.6180
59.500000,28.1234,2.4230,34.8404,1.3548,167.7677,20.0007,27.8930,2.4763
59.600000,28.1127,2.4263,34.4905,7.9247,188.0940,15.1649,28.0116,2.4572
59.700000,28.1165,2.4399,35.8326,5.0358,195.9893,33.7146,28.1532,2.5710
59.800000,28.0905,2.4453,29.4387,1.4983,189.9292,12.9784,27.8427,2.4973
59.900000,28.0667,2.4360,37.6823,6.5511,177.7869,25.6049,27.8410,2.3526
60.000000,28.0783,2.4396,47.9366,11.7472,162.3589,17.6470,28.1894,2.4785
60.100000,28.1281,2.3972,284.6944,181.0365,801.9198,466.9855,28.6018,2.0210
60.200000,28.1583,2.3633,234.9524,159.9136,2461.8425,2357.6567,28.4438,2.0468
60.300000,28.2672,2.2850,445.0882,294.9922,789.0947,794.2053,29.3044,1.6543
60.400000,28.3667,2.2052,428.2057,317.0378,820.5168,533.3881,29.3158,1.5421
60.500000,28.4179,2.1745,385.4938,267.4093,555.2122,273.5392,28.9017,2.1656
60.600000,28.5006,2.0715,275.2575,223.3979,427.8151,307.4459,29.2838,1.6499
60.700000,28.6803,1.9694,269.0699,173.6978,1174.9584,978.1183,30.3901,2.2672
60.800000,28.8430,1.8937,155.4848,103.8773,2193.0901,1512.1264,30.3989,1.6781
60.900000,28.9695,1.8548,129.1968,95.3178,1893.6636,1733.6883,30.1613,2.7159
61.000000,28.9964,1.8375,192.6803,116.2594,1033.0764,758.4072,29.2611,2.1169
61.100000,29.3089,1.6509,460.4209,521.5137,1432.5993,1123.3660,32.2826,1.1167
61.200000,29.4457,1.5348,258.1160,177.4996,450.3864,221.7393,30.7560,0.6078
61.300000,29.5330,1.4247,377.7252,414.9430,1333.3944,1309.4582,30.3554,0.3785
61.400000,29.6677,1.3585,267.7358,167.2277,503.1519,269.2973,30.9552,0.8173
61.500000,29.7778,1.3045,406.6529,411.9889,826.8992,976.8286,30.8260,1.0097
61.600000,29.8124,1.2438,319.2631,356.2621,1201.7050,962.3756,30.1362,0.7679
61.700000,29.8707,1.1872,250.6054,154.8482,471.2503,272.4350,30.4217,0.7013
61.800000,29.9398,1.1664,470.6878,601.5570,1168.6281,1029.6897,30.5981,0.9838
61.900000,29.9107,1.1121,135.3995,115.7471,645.2620,411.4143,29.6298,0.6542
62.000000,29.8970,1.0955,513.8007,602.1125,688.0976,785.8147,29.7662,1.0406
62.100000,29.8782,1.0954,121.3057,72.3968,761.9832,419.1595,29.6983,1.0955
62.200000,29.8378,1.1052,353.8317,283.0661,416.9853,215.8869,29.4553,1.2170
62.300000,29.7668,1.1384,228.9407,267.3643,983.3979,803.9213,29.0897,1.5353
62.400000,29.7433,1.1560,289.1013,206.4713,314.4718,175.0687,29.5166,1.3630
62.500000,29.7258,1.1842,395.2157,463.8087,567.9534,617.4314,29.5616,1.4523
62.600000,29.6678,1.1994,98.5900,61.5369,627.9358,348.8205,29.1157,1.4659
62.700000,29.6155,1.2136,372.0267,399.6972,513.6241,338.2894,29.1164,1.4385
62.800000,29.5911,1.2267,96.1345,78.4073,790.3434,606.9442,29.3631,1.3519
62.900000,29.5299,1.2588,315.4774,273.5307,302.6826,122.3205,28.9466,1.6349
63.000000,29.4293,1.2819,125.1107,124.3030,651.4342,589.5357,28.4706,1.5671
63.100000,29.3917,1.3094,134.9483,76.1838,526.1411,278.8747,29.0410,1.5656
63.200000,29.3260,1.3579,252.1455,256.9857,447.8875,260.5229,28.6997,1.8214
63.300000,29.2263,1.3934,98.3221,52.9327,555.1451,328.0084,28.2744,1.7737
63.400000,29.1723,1.4319,289.6260,270.5115,275.7243,98.0415,28.6665,1.8036
63.500000,29.1597,1.4719,62.9836,34.4404,530.1512,453.6799,29.0378,1.8533
63.600000,29.0772,1.4923,242.9740,215.9540,389.9890,229.6168,28.2906,1.7503
63.700000,29.0267,1.5187,143.9963,120.8210,393.1420,213.1920,28.5513,1.8114
63.800000,28.9921,1.5365,137.6989,109.8956,465.8933,248.3058,28.6610,1.7075
63.900000,28.9235,1.5608,165.4210,139.3940,271.1209,116.8089,28.2705,1.7952
64.000000,28.8388,1.6032,59.2590,26.6759,452.4630,353.1264,28.0378,2.0271
64.100000,28.7944,1.6495,198.2846,176.9517,356.9776,197.1573,28.3679,2.0935
64.200000,28.7542,1.6881,57.9735,21.8908,384.1982,279.8550,28.3702,2.0565
64.300000,28.6869,1.7497,156.3289,146.5189,412.3477,197.6543,28.0511,2.3680
64.400000,28.6386,1.7897,93.4181,52.8931,252.4037,100.8243,28.1762,2.1810
64.500000,28.6389,1.8295,123.8826,112.8760,440.6392,217.6018,28.6388,2.2093
64.600000,28.5877,1.8604,135.2510,105.9799,333.8259,164.1527,28.1037,2.1879
64.700000,28.5368,1.8844,69.5522,39.3313,340.6575,210.9162,28.0501,2.1457
64.800000,28.5172,1.9241,135.3953,117.9078,299.3444,90.9881,28.3294,2.3049
64.900000,28.4701,1.9632,59.7522,21.5575,234.8829,79.8518,28.0266,2.3330
65.000000,28.4034,2.0109,123.3085,116.4496,390.2301,183.0784,27.7662,2.4864
65.100000,28.3670,2.0533,58.0984,18.4177,256.0072,83.8133,28.0179,2.4588
65.200000,28.3408,2.0951,87.7463,66.3811,300.3820,160.7894,28.0963,2.4920
65.300000,28.2939,2.1373,86.5119,57.6759,278.8073,83.1639,27.8472,2.5538
65.400000,28.2603,2.1633,75.2802,44.4827,277.8891,118.6838,27.9378,2.4230
65.500000,28.2648,2.1829,102.8760,92.8022,338.3207,143.2794,28.3102,2.3674
65.600000,28.2242,2.1903,47.1401,15.5621,253.5671,61.1968,27.8384,2.2660
65.700000,28.1734,2.2128,103.2541,95.9061,277.1471,139.5733,27.6900,2.4433
65.800000,28.1546,2.2256,53.5077,18.2667,253.2941,64.7666,27.9804,2.3453
65.900000,28.1246,2.2502,84.9506,62.0637,252.5302,91.4904,27.8376,2.4880
66.000000,28.0677,2.2847,50.8101,18.4905,303.3066,106.5116,27.5252,2.6168
66.100000,28.0487,2.3215,52.5537,15.7824,238.4520,55.1750,27.8733,2.6684
66.200000,28.0386,2.3491,78.7082,64.7438,245.3771,102.3494,27.9417,2.6155
66.300000,28.0046,2.3771,45.1159,11.1166,244.2975,53.2191,27.6790,2.6501
66.400000,27.9817,2.3967,82.5388,62.5210,230.9825,75.6030,27.7676,2.5876
66.500000,27.9771,2.3947,34.2412,5.2076,278.4724,83.3590,27.9329,2.3767
66.600000,27.9436,2.3981,78.6550,56.5529,197.6240,55.8663,27.6249,2.4309
66.700000,27.9037,2.4079,55.2687,33.5934,230.9245,82.2175,27.5260,2.5187
66.800000,27.8844,2.4145,52.3834,19.1759,230.7028,57.6774,27.6988,2.4787
66.900000,27.8629,2.4304,54.4659,30.0954,238.9743,68.2608,27.6579,2.5863
67.000000,27.8259,2.4639,31.9431,5.1321,265.6206,70.2811,27.4765,2.7840
67.100000,27.8019,2.4858,68.6449,46.9831,193.7093,48.4382,27.5723,2.6963
67.200000,27.8037,2.4949,33.2143,2.9914,232.6198,46.0428,27.8188,2.5817
67.300000,27.7806,2.5121,55.3247,27.6201,223.6758,49.3928,27.5616,2.6817
67.400000,27.7554,2.5266,39.4156,9.5835,223.9099,51.6897,27.5146,2.6834
67.500000,27.7483,2.5342,49.4081,22.3478,217.0496,33.6486,27.6801,2.6077
67.600000,27.7224,2.5366,54.9764,30.2174,187.3911,40.9064,27.4765,2.5589
67.700000,27.6875,2.5530,34.6716,4.4132,220.9118,42.9442,27.3546,2.7125
67.800000,27.6562,2.5534,49.8079,23.9134,217.9775,46.2270,27.3579,2.5596
67.900000,27.6337,2.5552,31.6520,1.1805,207.1290,41.2583,27.4214,2.5751
68.000000,27.6129,2.5956,48.1651,24.5338,215.4654,31.7475,27.4141,2.9809
68.100000,27.6121,2.6313,35.0121,4.8737,181.5188,40.3119,27.6013,2.9737
68.200000,27.6115,2.6235,38.5515,10.0396,204.1453,31.6623,27.6092,2.5506
68.300000,27.5952,2.6235,39.4418,10.7518,205.7861,43.3248,27.4396,2.6238
68.400000,27.5743,2.6373,36.3945,6.6930,194.7350,34.7505,27.3758,2.7750
68.500000,27.5728,2.6207,43.5859,20.0606,204.3357,27.7755,27.5607,2.4613
68.600000,27.5620,2.6275,32.1406,1.7058,174.1443,26.6061,27.4584,2.6955
68.700000,27.5271,2.6414,40.1929,15.9769,224.7922,40.1813,27.1951,2.7744
68.800000,27.5264,2.6649,31.8720,1.4500,199.1365,41.4333,27.5215,2.8863
68.900000,27.5206,2.6675,37.6668,11.9469,192.6201,20.4487,27.4657,2.6985
69.000000,27.5080,2.6887,32.8627,6.6720,189.0971,21.9045,27.3882,2.8909
69.100000,27.4965,2.7013,32.5063,2.9474,167.7823,22.1446,27.3897,2.8236
69.200000,27.4989,2.6835,35.1981,10.8178,206.2332,38.0888,27.5206,2.5146
69.300000,27.4815,2.6656,31.0115,0.6550,171.1117,23.3435,27.3173,2.4965
69.400000,27.4477,2.6514,37.4983,13.1270,190.6397,19.3643,27.1257,2.5245
69.500000,27.4483,2.6548,28.8719,0.9515,177.9899,21.3546,27.4531,2.6868
69.600000,27.4293,2.6418,35.7324,9.4769,183.0635,22.3770,27.2488,2.5222
69.700000,27.3960,2.6455,29.8622,4.9322,207.1651,39.0740,27.0788,2.6810
69.800000,27.3835,2.6532,32.0909,3.0169,174.4785,21.6056,27.2636,2.7267
69.900000,27.3925,2.6567,32.1986,8.5141,186.6033,19.8504,27.4772,2.6924
70.000000,27.3725,2.6573,57.2192,22.2368,180.4501,20.4822,27.1828,2.6649
70.100000,27.4152,2.6060,274.6427,169.1398,797.8363,619.3965,27.8207,2.1177
70.200000,27.4788,2.5934,299.1107,191.6600,1918.6833,1351.6379,28.0860,2.4758
70.300000,27.5802,2.4696,423.9824,277.3182,722.3421,512.7133,28.5441,1.3975
70.400000,27.6771,2.3879,402.8246,278.3746,356.5600,102.8216,28.5949,1.6655
70.500000,27.7564,2.3601,366.8292,242.2186,762.0467,469.3056,28.5149,2.1903
70.600000,27.8318,2.3179,387.6757,255.9923,368.6222,168.2045,28.5484,2.0563
70.700000,27.9674,2.2274,329.2912,215.6512,866.9696,737.4233,29.2595,1.5620
70.800000,28.0705,2.1733,290.9169,186.7045,1206.6295,1027.1110,29.0561,1.6939
70.900000,28.1471,2.1299,322.9605,215.2315,962.2606,590.4498,28.8763,1.9289
71.000000,28.1847,2.0743,189.3239,136.1786,509.2899,249.1952,28.5356,1.6195
71.100000,28.7789,1.6552,322.4860,320.9359,697.8420,616.9521,34.4300,2.9574
71.200000,29.1022,1.4136,214.1420,175.7041,416.2858,289.7826,32.1754,1.4201
71.300000,29.3720,1.2078,221.5197,209.7985,497.5297,243.7081,31.9311,1.8232
71.400000,29.5972,1.0719,287.5640,288.1592,618.9638,559.5191,31.7451,1.2082
71.500000,29.7946,0.9737,215.3258,189.8789,304.7314,148.6275,31.6727,1.5933
71.600000,29.9837,0.9039,300.1296,317.1439,518.1362,431.5423,31.7911,1.7132
71.700000,30.1129,0.8553,108.2343,57.0606,595.7113,401.7008,31.3345,0.9511
71.800000,30.2161,0.8362,335.8344,396.3093,467.6214,206.7690,31.1958,1.0222
71.900000,30.3483,0.8398,103.4746,50.8828,505.5707,432.4117,31.6101,1.3641
72.000000,30.3855,0.8312,267.1481,288.0829,274.4379,115.6880,30.7324,0.8719
72.100000,30.4255,0.8342,161.1779,134.3182,476.0304,391.7993,30.8044,0.8850
72.200000,30.4475,0.8235,209.2091,202.7999,414.1033,192.8822,30.6588,0.7520
72.300000,30.4580,0.8355,250.3028,279.2228,370.2544,137.9805,30.5575,0.9478
72.400000,30.4245,0.8168,103.7464,53.1919,440.8776,346.5612,30.1068,0.6611
72.500000,30.4297,0.8287,251.3511,281.8995,252.3768,96.8304,30.4777,0.9411
72.600000,30.4256,0.8148,94.1830,47.4376,412.5406,292.5242,30.3854,0.6978
72.700000,30.3876,0.8108,210.8958,222.3206,369.5991,155.3607,30.0256,0.8007
72.800000,30.3629,0.8144,96.4789,68.7774,388.4073,185.7346,30.1258,0.9693
72.900000,30.3427,0.8102,123.0691,86.4309,369.9397,280.7958,30.1516,0.7727
73.000000,30.3068,0.8153,169.2465,178.1683,232.8979,79.6945,29.9654,0.8880
73.100000,30.2323,0.8227,94.7692,51.4418,426.4190,344.1488,29.5225,0.9962
73.200000,30.1780,0.8330,176.4489,195.9451,353.7215,144.6960,29.6648,0.9944
73.300000,30.1180,0.8446,66.6432,30.5830,349.1093,156.4029,29.5478,0.9581
73.400000,30.0317,0.8494,172.5741,169.0152,260.8108,113.1689,29.2090,1.0133
73.500000,29.9948,0.8676,106.6728,91.8213,227.9917,74.8299,29.6482,1.0697
73.600000,29.9924,0.8663,110.7181,80.3372,373.2388,282.9618,29.9696,0.8534
73.700000,29.9342,0.8899,101.2993,96.5806,281.2716,95.0783,29.3812,1.1690
73.800000,29.8946,0.9154,72.5659,33.2833,265.8699,148.9914,29.5202,1.2709
73.900000,29.8634,0.9357,135.3410,126.4007,234.7298,90.0342,29.5672,1.1839
74.000000,29.7861,0.9680,61.4743,29.3351,281.6360,84.0947,29.0489,1.3319
74.100000,29.7012,1.0109,110.2516,96.2616,356.7180,229.5800,28.8970,1.5407
74.200000,29.6540,1.0398,63.7662,44.7678,264.9085,68.7981,29.2059,1.3215
74.300000,29.6158,1.0721,107.4756,83.8069,256.0660,151.2896,29.2501,1.3947
74.400000,29.5327,1.0974,93.1205,78.1209,252.4311,65.7882,28.7432,1.3554
74.500000,29.4886,1.1370,68.9398,42.4548,262.4457,71.4533,29.0706,1.5398
74.600000,29.4778,1.1582,86.4586,69.0611,294.4690,149.2784,29.3727,1.3663
74.700000,29.4237,1.1976,53.0401,23.7780,227.6088,23.4119,28.9089,1.6365
74.800000,29.3631,1.2223,99.8328,78.6365,233.7804,125.0564,28.7875,1.4991
74.900000,29.3299,1.2517,50.9208,22.1165,221.8561,33.3103,29.0114,1.5528
75.000000,29.2864,1.2913,75.3549,56.4884,248.8506,57.6631,28.8732,1.6867
75.100000,29.2129,1.3381,57.7250,31.4194,281.3222,125.8670,28.5150,1.8231
75.200000,29.1647,1.3725,70.6311,49.7756,205.3659,15.2712,28.7031,1.7436
75.300000,29.1380,1.3981,79.9600,57.1769,212.7705,85.4964,28.8869,1.6424
75.400000,29.0797,1.4326,47.1883,18.6272,217.3552,28.0932,28.5263,1.7961
75.500000,29.0440,1.4429,71.9510,53.5763,257.7360,98.3506,28.7019,1.5501
75.600000,29.0368,1.4495,42.5988,8.2189,243.0747,102.5898,28.9705,1.5203
75.700000,29.0089,1.4767,71.8040,54.4831,198.0659,7.3077,28.7430,1.7551
75.800000,28.9623,1.5177,47.1832,13.4490,209.9859,84.2771,28.5180,1.9166
75.900000,28.9318,1.5385,48.9523,26.6449,225.3250,44.2940,28.6427,1.7408
76.000000,28.8842,1.5520,55.1751,32.7804,246.2504,87.6359,28.4313,1.6859
76.100000,28.8186,1.5834,45.9448,17.7627,212.7899,30.7270,28.1932,1.8896
76.200000,28.7744,1.5776,66.6426,47.9847,184.4520,10.9122,28.3570,1.5244
76.300000,28.7668,1.5930,39.2394,5.0328,193.6282,65.5936,28.6941,1.7414
76.400000,28.7302,1.5987,56.7206,40.0439,232.8665,42.1362,28.3816,1.6535
76.500000,28.7111,1.6230,42.8405,12.8655,217.2951,77.6680,28.5311,1.8579
76.600000,28.7073,1.6275,49.0016,23.7536,197.1429,27.4591,28.6720,1.6781
76.700000,28.6629,1.6336,47.6997,20.8032,179.9685,18.9067,28.2403,1.6934
76.800000,28.6117,1.6663,36.7991,5.8291,211.8478,56.2627,28.1273,1.9852
76.900000,28.5987,1.6902,48.8066,30.3986,224.8557,37.7826,28.4757,1.9295
77.000000,28.5701,1.6931,35.1857,2.4727,203.5532,57.2977,28.2973,1.7241
77.100000,28.5160,1.7239,49.2210,25.0218,198.8603,26.2965,28.0040,2.0255
77.200000,28.4999,1.7214,38.7164,9.2775,176.5392,11.6752,28.3467,1.6987
77.300000,28.5171,1.7362,43.7424,17.6718,210.2922,57.8652,28.6796,1.8792
77.400000,28.4926,1.7272,40.9244,17.2391,211.7643,29.0026,28.2587,1.6488
77.500000,28.4736,1.7437,37.0810,5.1884,196.3932,49.9066,28.2919,1.8997
77.600000,28.4736,1.7479,43.6274,19.5750,176.3707,4.5341,28.4723,1.7934
77.700000,28.4436,1.7662,34.1734,5.3263,182.5725,14.2451,28.1598,1.9498
77.800000,28.4004,1.7942,41.8974,15.8867,210.3059,51.9788,27.9885,2.0641
77.900000,28.3908,1.7986,30.5812,3.3865,206.1690,19.7862,28.2982,1.8503
78.000000,28.3804,1.8133,39.3962,8.3129,180.2070,41.7833,28.2829,1.9546
78.100000,28.3448,1.8396,36.4885,10.8380,180.0165,4.8442,28.0060,2.0899
78.200000,28.3160,1.8386,36.7828,6.8095,185.5504,36.2636,28.0403,1.8316
78.300000,28.3337,1.8572,36.8965,12.5117,196.1578,42.5307,28.5034,2.0367
78.400000,28.3223,1.8698,29.5984,2.2031,197.6276,19.1277,28.2136,1.9923
78.500000,28.2985,1.8807,40.2271,12.1352,168.1389,20.5847,28.0714,1.9854
78.600000,28.2963,1.8884,30.9708,5.5144,179.6060,9.2604,28.2778,1.9624
78.700000,28.2801,1.9056,36.6345,8.9204,175.9407,29.2695,28.1258,2.0688
78.800000,28.2359,1.9367,28.4870,3.4235,207.4773,30.4599,27.8145,2.2337
78.900000,28.2083,1.9342,32.3018,2.8774,178.7557,24.1086,27.9465,1.9111
79.000000,28.2087,1.9381,35.6929,7.4211,163.4459,15.9593,28.2130,1.9737
79.100000,28.1930,1.9593,30.6244,4.3873,184.1262,14.0169,28.0433,2.1632
79.200000,28.1800,1.9607,34.9982,8.6898,177.9769,27.3574,28.0572,1.9751
79.300000,28.2045,1.9546,26.6525,2.0361,196.7434,29.9463,28.4379,1.8996
79.400000,28.1942,1.9690,35.5257,8.4142,164.7478,12.2625,28.0977,2.1053
79.500000,28.1597,1.9697,31.4578,4.2744,174.7821,13.8589,27.8315,1.9755
79.600000,28.1566,1.9685,31.1611,5.6563,176.4593,10.2049,28.1269,1.9578
79.700000,28.1480,1.9748,30.1251,2.5364,181.6918,35.7374,28.0660,2.0344
79.800000,28.1170,1.9949,27.0006,1.0549,192.7900,28.6972,27.8220,2.1876
79.900000,28.1030,2.0017,33.6535,6.4182,164.6063,10.2733,27.9702,2.0663
80.000000,28.1088,1.9871,49.6137,13.8103,167.5828,10.2760,28.1637,1.8491
